-- phpMyAdmin SQL Dump
-- version 4.4.15.10
-- https://www.phpmyadmin.net
--
-- Хост: localhost
-- Время создания: Окт 25 2018 г., 15:39
-- Версия сервера: 10.0.35-MariaDB
-- Версия PHP: 5.4.16

SET SQL_MODE = "NO_AUTO_VALUE_ON_ZERO";
SET time_zone = "+00:00";


/*!40101 SET @OLD_CHARACTER_SET_CLIENT=@@CHARACTER_SET_CLIENT */;
/*!40101 SET @OLD_CHARACTER_SET_RESULTS=@@CHARACTER_SET_RESULTS */;
/*!40101 SET @OLD_COLLATION_CONNECTION=@@COLLATION_CONNECTION */;
/*!40101 SET NAMES utf8mb4 */;

--
-- База данных: `igorzhuk_myhome`
--

-- --------------------------------------------------------

--
-- Структура таблицы `Command`
--

CREATE TABLE IF NOT EXISTS `Command` (
  `Command_ID` int(10) unsigned NOT NULL,
  `Code` varchar(100) COLLATE utf8mb4_unicode_ci NOT NULL,
  `Started_Date` datetime DEFAULT NULL,
  `Completed_Date` datetime DEFAULT NULL,
  `Note` varchar(200) COLLATE utf8mb4_unicode_ci NOT NULL
) ENGINE=InnoDB DEFAULT CHARSET=utf8mb4 COLLATE=utf8mb4_unicode_ci COMMENT='Команды для системы';

--
-- Дамп данных таблицы `Command`
--

INSERT INTO `Command` (`Command_ID`, `Code`, `Started_Date`, `Completed_Date`, `Note`) VALUES
(1, 'reboot;', '2018-04-17 22:12:49', '2018-07-11 23:48:17', 'Выключить-включить питание всей периферии (роутер,камеры,видеорегистратор)'),
(6, 'boiler;18;24;', '2018-04-29 13:59:40', '2018-10-25 11:03:53', 'Включить программный термостат газового котла\r\nboiler;<температура>;<время в часах>;'),
(7, 'sensor_ignore;', '2018-05-05 21:08:09', '2018-10-25 10:31:45', 'Отключить проверку датчиков'),
(8, 'sensor_check;', '2018-05-06 04:48:33', '2018-10-23 08:58:19', 'Включить проверку датчиков'),
(9, 'boiler_stop;', '2018-04-29 22:29:48', '2018-10-25 13:29:23', 'Выключить программный термостат газового котла. Управление вернется на штатный термостат.'),
(10, 'fan;30;', '2018-05-06 00:00:00', '2018-05-21 16:19:55', 'Включить вытяжной вентилятор в подполе.\r\nfan;<время в минутах>;'),
(11, 'pump;15;', '2018-05-06 00:00:00', '2018-10-25 12:31:12', 'Подать питание на дренажный насос.\r\npump;<время в минутах>;'),
(12, 'heating_cable;10;24;', '2018-10-24 00:00:00', '2018-10-25 12:29:12', 'Включить греющий кабель'),
(13, 'heating_cable_stop;', '2018-10-24 00:00:00', '2018-10-25 12:29:12', 'Выключить греющий кабель');

-- --------------------------------------------------------

--
-- Структура таблицы `Errors`
--

CREATE TABLE IF NOT EXISTS `Errors` (
  `Error_ID` int(10) unsigned NOT NULL,
  `Message` varchar(1024) COLLATE utf8mb4_unicode_ci NOT NULL,
  `Date` timestamp NOT NULL DEFAULT CURRENT_TIMESTAMP
) ENGINE=InnoDB AUTO_INCREMENT=21 DEFAULT CHARSET=utf8mb4 COLLATE=utf8mb4_unicode_ci COMMENT='Ошибки возникшие в системе';

-- --------------------------------------------------------

--
-- Структура таблицы `Event`
--

CREATE TABLE IF NOT EXISTS `Event` (
  `Event_ID` int(10) unsigned NOT NULL,
  `Event_Type_ID` int(10) unsigned NOT NULL,
  `Date` timestamp NOT NULL DEFAULT CURRENT_TIMESTAMP,
  `Dop_Info` varchar(255) COLLATE utf8mb4_unicode_ci DEFAULT NULL
) ENGINE=InnoDB AUTO_INCREMENT=6225 DEFAULT CHARSET=utf8mb4 COLLATE=utf8mb4_unicode_ci COMMENT='События возникшие в системе';

--
-- Дамп данных таблицы `Event`
--

INSERT INTO `Event` (`Event_ID`, `Event_Type_ID`, `Date`, `Dop_Info`) VALUES
(6202, 3, '2018-10-24 20:36:56', 'days=0hours=1(9:ok;10:ok;11:ok;12:ok;14:ok;16:failed;3606085)'),
(6203, 1, '2018-10-24 21:00:18', '117'),
(6204, 1, '2018-10-24 21:01:02', '105'),
(6205, 1, '2018-10-24 21:01:15', '117'),
(6206, 3, '2018-10-24 21:01:21', 'days=0hours=0(9:ok;10:ok;11:ok;12:ok;14:ok;16:failed;12107)'),
(6207, 3, '2018-10-24 22:01:22', 'days=0hours=1(9:ok;10:ok;11:ok;12:ok;14:ok;16:failed;3611585)'),
(6208, 3, '2018-10-24 23:01:23', 'days=0hours=2(9:ok;10:ok;11:ok;12:ok;14:ok;16:failed;7211585)'),
(6209, 3, '2018-10-25 00:01:25', 'days=0hours=3(9:ok;10:ok;11:ok;12:ok;14:ok;16:failed;10811585)'),
(6210, 3, '2018-10-25 01:01:25', 'days=0hours=4(9:ok;10:ok;11:ok;12:ok;14:ok;16:failed;14411535)'),
(6211, 3, '2018-10-25 02:01:26', 'days=0hours=5(9:ok;10:ok;11:ok;12:ok;14:ok;16:failed;18011535)'),
(6212, 3, '2018-10-25 03:01:27', 'days=0hours=6(9:ok;10:ok;11:ok;12:ok;14:ok;16:failed;21611535)'),
(6213, 3, '2018-10-25 04:01:22', 'days=0hours=7(9:ok;10:ok;11:ok;12:ok;14:ok;16:failed;25206111)'),
(6214, 3, '2018-10-25 05:01:22', 'days=0hours=8(9:ok;10:ok;11:ok;12:ok;14:ok;16:failed;28806118)'),
(6215, 3, '2018-10-25 06:01:23', 'days=0hours=9(9:ok;10:ok;11:ok;12:ok;14:ok;16:failed;32406026)'),
(6216, 3, '2018-10-25 07:01:25', 'days=0hours=10(9:ok;10:ok;11:ok;12:ok;14:ok;16:failed;36006077)'),
(6217, 3, '2018-10-25 08:01:32', 'days=0hours=11(9:ok;10:ok;11:ok;12:ok;14:ok;16:failed;39611535)'),
(6218, 1, '2018-10-25 08:01:56', '117'),
(6219, 3, '2018-10-25 08:02:02', 'days=0hours=0(9:ok;10:ok;11:ok;12:ok;14:ok;16:failed;10055)'),
(6220, 3, '2018-10-25 09:02:07', 'days=0hours=1(9:ok;10:ok;11:ok;12:ok;14:ok;16:failed;3606057)'),
(6221, 3, '2018-10-25 10:02:01', 'days=0hours=2(9:ok;10:ok;11:ok;12:ok;14:ok;16:failed;7206100)'),
(6222, 1, '2018-10-25 10:40:13', '117'),
(6223, 3, '2018-10-25 10:40:19', 'days=0hours=0(9:ok;10:ok;11:ok;12:ok;14:ok;16:failed;10557)'),
(6224, 3, '2018-10-25 11:40:22', 'days=0hours=1(9:ok;10:ok;11:ok;12:ok;14:ok;16:failed;3611585)');

-- --------------------------------------------------------

--
-- Структура таблицы `Event_Type`
--

CREATE TABLE IF NOT EXISTS `Event_Type` (
  `Event_Type_ID` int(10) unsigned NOT NULL,
  `Name` varchar(255) COLLATE utf8mb4_unicode_ci NOT NULL
) ENGINE=InnoDB AUTO_INCREMENT=8 DEFAULT CHARSET=utf8mb4 COLLATE=utf8mb4_unicode_ci COMMENT='События, возникающие в системе';

--
-- Дамп данных таблицы `Event_Type`
--

INSERT INTO `Event_Type` (`Event_Type_ID`, `Name`) VALUES
(1, 'Старт системы'),
(2, 'Получена команда'),
(3, 'Полет нормальный'),
(4, 'Сбой системы'),
(6, 'Крон задача'),
(7, 'Общий');

-- --------------------------------------------------------

--
-- Структура таблицы `Mail_Sended`
--

CREATE TABLE IF NOT EXISTS `Mail_Sended` (
  `Mail_Sended_ID` int(10) unsigned NOT NULL,
  `Msg` varchar(4096) COLLATE utf8mb4_unicode_ci NOT NULL,
  `Date` timestamp NOT NULL DEFAULT CURRENT_TIMESTAMP
) ENGINE=InnoDB AUTO_INCREMENT=721 DEFAULT CHARSET=utf8mb4 COLLATE=utf8mb4_unicode_ci;

-- --------------------------------------------------------

--
-- Структура таблицы `Sensor`
--

CREATE TABLE IF NOT EXISTS `Sensor` (
  `Sensor_ID` smallint(5) unsigned NOT NULL,
  `Name` varchar(100) COLLATE utf8mb4_unicode_ci NOT NULL,
  `Pin` tinyint(1) NOT NULL,
  `True_Value` tinyint(1) NOT NULL,
  `Send_Alarm` tinyint(1) DEFAULT NULL,
  `Priority` tinyint(1) NOT NULL DEFAULT '10',
  `False_Value` tinyint(1) NOT NULL,
  `Analog_Pin` tinyint(1) NOT NULL
) ENGINE=InnoDB AUTO_INCREMENT=8 DEFAULT CHARSET=utf8mb4 COLLATE=utf8mb4_unicode_ci COMMENT='Датчики';

--
-- Дамп данных таблицы `Sensor`
--

INSERT INTO `Sensor` (`Sensor_ID`, `Name`, `Pin`, `True_Value`, `Send_Alarm`, `Priority`, `False_Value`, `Analog_Pin`) VALUES
(1, 'Дверь № 1 (Движение)', 6, 0, 1, 10, 1, 0),
(2, 'Гараж (Движение)', 5, 0, 1, 10, 1, 0),
(3, 'Дверь № 1 (Открытие-Закрытие)', 7, 1, 1, 1, 0, 0),
(4, 'Дверь № 2 (Открытие-Закрытие)', 8, 1, 1, 1, 0, 0),
(5, 'Электричество', 33, 1, 1, 10, 0, 0),
(6, 'Кухня (Движение)', 9, 0, 1, 10, 1, 0),
(7, 'Датчик уровня в дренаж колодце', 28, 0, 1, 10, 1, 0);

-- --------------------------------------------------------

--
-- Структура таблицы `Sensor_Activity`
--

CREATE TABLE IF NOT EXISTS `Sensor_Activity` (
  `Sensor_Activity_ID` int(10) unsigned NOT NULL,
  `Sensor_ID` smallint(5) unsigned NOT NULL,
  `Date` timestamp NOT NULL DEFAULT CURRENT_TIMESTAMP,
  `Value` tinyint(4) NOT NULL,
  `Mail_Sended_ID` int(10) unsigned DEFAULT NULL
) ENGINE=InnoDB AUTO_INCREMENT=38462 DEFAULT CHARSET=utf8mb4 COLLATE=utf8mb4_unicode_ci COMMENT='Факты срабатывания датчиков';

--
-- Дамп данных таблицы `Sensor_Activity`
--

INSERT INTO `Sensor_Activity` (`Sensor_Activity_ID`, `Sensor_ID`, `Date`, `Value`, `Mail_Sended_ID`) VALUES
(35176, 6, '2018-10-24 21:02:22', 1, NULL),
(35177, 6, '2018-10-24 21:02:24', 0, NULL),
(35178, 6, '2018-10-24 21:02:38', 1, NULL),
(35179, 6, '2018-10-24 21:02:40', 0, NULL),
(35180, 6, '2018-10-24 21:02:46', 1, NULL),
(35181, 6, '2018-10-24 21:02:51', 0, NULL),
(35182, 6, '2018-10-24 21:02:55', 1, NULL),
(35183, 6, '2018-10-24 21:02:57', 0, NULL),
(35184, 6, '2018-10-24 21:03:10', 1, NULL),
(35185, 6, '2018-10-24 21:03:12', 0, NULL),
(35186, 6, '2018-10-24 21:03:22', 1, NULL),
(35187, 6, '2018-10-24 21:03:24', 0, NULL),
(35188, 6, '2018-10-24 21:03:32', 1, NULL),
(35189, 6, '2018-10-24 21:03:34', 0, NULL),
(35190, 6, '2018-10-24 21:03:40', 1, NULL),
(35191, 6, '2018-10-24 21:03:42', 0, NULL),
(35192, 6, '2018-10-24 21:03:51', 1, NULL),
(35193, 1, '2018-10-24 21:03:53', 1, NULL),
(35194, 3, '2018-10-24 21:03:53', 0, NULL),
(35195, 6, '2018-10-24 21:03:53', 0, NULL),
(35196, 1, '2018-10-24 21:03:55', 0, NULL),
(35197, 1, '2018-10-24 21:04:01', 1, NULL),
(35198, 1, '2018-10-24 21:04:02', 0, NULL),
(35199, 3, '2018-10-24 21:04:04', 1, NULL),
(35200, 1, '2018-10-24 21:04:13', 1, NULL),
(35201, 6, '2018-10-24 21:04:13', 1, NULL),
(35202, 1, '2018-10-24 21:04:14', 0, NULL),
(35203, 6, '2018-10-24 21:04:14', 0, NULL),
(35204, 1, '2018-10-24 21:04:24', 1, NULL),
(35205, 1, '2018-10-24 21:04:25', 0, NULL),
(35206, 4, '2018-10-24 21:04:36', 0, NULL),
(35207, 2, '2018-10-24 21:04:38', 1, NULL),
(35208, 2, '2018-10-24 21:04:43', 0, NULL),
(35209, 2, '2018-10-24 21:04:49', 1, NULL),
(35210, 4, '2018-10-24 21:04:49', 1, NULL),
(35211, 2, '2018-10-24 21:04:51', 0, NULL),
(35212, 6, '2018-10-24 21:05:01', 1, NULL),
(35213, 6, '2018-10-24 21:05:02', 0, NULL),
(35214, 6, '2018-10-24 21:05:07', 1, NULL),
(35215, 6, '2018-10-24 21:05:09', 0, NULL),
(35216, 6, '2018-10-24 21:05:15', 1, NULL),
(35217, 6, '2018-10-24 21:05:17', 0, NULL),
(35218, 6, '2018-10-24 21:05:27', 1, NULL),
(35219, 6, '2018-10-24 21:05:28', 0, NULL),
(35220, 6, '2018-10-24 21:05:35', 1, NULL),
(35221, 5, '2018-10-24 21:05:37', 0, NULL),
(35222, 6, '2018-10-24 21:05:37', 0, NULL),
(35223, 6, '2018-10-24 21:05:43', 1, NULL),
(35224, 6, '2018-10-24 21:05:44', 0, NULL),
(35225, 6, '2018-10-24 21:05:51', 1, NULL),
(35226, 6, '2018-10-24 21:05:53', 0, NULL),
(35227, 6, '2018-10-24 21:05:59', 1, NULL),
(35228, 6, '2018-10-24 21:06:02', 0, NULL),
(35229, 5, '2018-10-24 21:06:09', 1, NULL),
(35230, 6, '2018-10-24 21:06:13', 1, NULL),
(35231, 6, '2018-10-24 21:06:15', 0, NULL),
(35232, 6, '2018-10-24 21:06:17', 1, NULL),
(35233, 6, '2018-10-24 21:06:21', 0, NULL),
(35234, 6, '2018-10-24 21:06:30', 1, NULL),
(35235, 6, '2018-10-24 21:06:32', 0, NULL),
(35236, 6, '2018-10-24 21:06:42', 1, NULL),
(35237, 6, '2018-10-24 21:06:44', 0, NULL),
(35238, 6, '2018-10-24 21:06:54', 1, NULL),
(35239, 6, '2018-10-24 21:06:56', 0, NULL),
(35240, 6, '2018-10-24 21:07:02', 1, NULL),
(35241, 6, '2018-10-24 21:07:04', 0, NULL),
(35242, 6, '2018-10-24 21:07:10', 1, NULL),
(35243, 6, '2018-10-24 21:07:12', 0, NULL),
(35244, 6, '2018-10-24 21:07:19', 1, NULL),
(35245, 6, '2018-10-24 21:07:20', 0, NULL),
(35246, 6, '2018-10-24 21:07:26', 1, NULL),
(35247, 6, '2018-10-24 21:07:28', 0, NULL),
(35248, 6, '2018-10-24 21:07:34', 1, NULL),
(35249, 6, '2018-10-24 21:07:36', 0, NULL),
(35250, 6, '2018-10-24 21:07:41', 1, NULL),
(35251, 6, '2018-10-24 21:07:44', 0, NULL),
(35252, 6, '2018-10-24 21:07:50', 1, NULL),
(35253, 6, '2018-10-24 21:07:52', 0, NULL),
(35254, 6, '2018-10-24 21:07:58', 1, NULL),
(35255, 6, '2018-10-24 21:08:03', 0, NULL),
(35256, 6, '2018-10-24 21:08:07', 1, NULL),
(35257, 6, '2018-10-24 21:08:09', 0, NULL),
(35258, 6, '2018-10-24 21:08:15', 1, NULL),
(35259, 6, '2018-10-24 21:08:17', 0, NULL),
(35260, 6, '2018-10-24 21:08:24', 1, NULL),
(35261, 6, '2018-10-24 21:08:26', 0, NULL),
(35262, 6, '2018-10-24 21:08:34', 1, NULL),
(35263, 6, '2018-10-24 21:08:38', 0, NULL),
(35264, 6, '2018-10-24 21:08:42', 1, NULL),
(35265, 6, '2018-10-24 21:08:45', 0, NULL),
(35266, 6, '2018-10-24 21:08:52', 1, NULL),
(35267, 6, '2018-10-24 21:08:54', 0, NULL),
(35268, 6, '2018-10-24 21:09:04', 1, NULL),
(35269, 6, '2018-10-24 21:09:07', 0, NULL),
(35270, 6, '2018-10-24 21:09:14', 1, NULL),
(35271, 6, '2018-10-24 21:09:16', 0, NULL),
(35272, 6, '2018-10-24 21:09:25', 1, NULL),
(35273, 6, '2018-10-24 21:09:26', 0, NULL),
(35274, 6, '2018-10-24 21:09:30', 1, NULL),
(35275, 6, '2018-10-24 21:09:33', 0, NULL),
(35276, 6, '2018-10-24 21:09:39', 1, NULL),
(35277, 6, '2018-10-24 21:09:42', 0, NULL),
(35278, 6, '2018-10-24 21:09:59', 1, NULL),
(35279, 6, '2018-10-24 21:10:02', 0, NULL),
(35280, 6, '2018-10-24 21:10:09', 1, NULL),
(35281, 6, '2018-10-24 21:10:10', 0, NULL),
(35282, 6, '2018-10-24 21:10:15', 1, NULL),
(35283, 6, '2018-10-24 21:10:17', 0, NULL),
(35284, 6, '2018-10-24 21:10:24', 1, NULL),
(35285, 6, '2018-10-24 21:10:26', 0, NULL),
(35286, 6, '2018-10-24 21:10:37', 1, NULL),
(35287, 6, '2018-10-24 21:10:39', 0, NULL),
(35288, 6, '2018-10-24 21:10:45', 1, NULL),
(35289, 6, '2018-10-24 21:10:47', 0, NULL),
(35290, 6, '2018-10-24 21:10:53', 1, NULL),
(35291, 6, '2018-10-24 21:10:55', 0, NULL),
(35292, 6, '2018-10-24 21:11:01', 1, NULL),
(35293, 6, '2018-10-24 21:11:03', 0, NULL),
(35294, 6, '2018-10-24 21:11:17', 0, NULL),
(35295, 6, '2018-10-24 21:11:18', 1, NULL),
(35296, 6, '2018-10-24 21:11:23', 0, NULL),
(35297, 6, '2018-10-24 21:11:27', 1, NULL),
(35298, 6, '2018-10-24 21:11:29', 0, NULL),
(35299, 6, '2018-10-24 21:11:37', 1, NULL),
(35300, 6, '2018-10-24 21:11:38', 0, NULL),
(35301, 6, '2018-10-24 21:11:45', 1, NULL),
(35302, 6, '2018-10-24 21:11:48', 0, NULL),
(35303, 6, '2018-10-24 21:11:54', 1, NULL),
(35304, 6, '2018-10-24 21:11:56', 0, NULL),
(35305, 6, '2018-10-24 21:12:05', 1, NULL),
(35306, 6, '2018-10-24 21:12:07', 0, NULL),
(35307, 6, '2018-10-24 21:12:14', 1, NULL),
(35308, 6, '2018-10-24 21:12:16', 0, NULL),
(35309, 6, '2018-10-24 21:12:22', 1, NULL),
(35310, 6, '2018-10-24 21:12:24', 0, NULL),
(35311, 6, '2018-10-24 21:12:30', 1, NULL),
(35312, 6, '2018-10-24 21:12:32', 0, NULL),
(35313, 6, '2018-10-24 21:12:41', 1, NULL),
(35314, 6, '2018-10-24 21:12:45', 0, NULL),
(35315, 6, '2018-10-24 21:12:50', 1, NULL),
(35316, 6, '2018-10-24 21:12:51', 0, NULL),
(35317, 6, '2018-10-24 21:13:03', 1, NULL),
(35318, 6, '2018-10-24 21:13:04', 0, NULL),
(35319, 6, '2018-10-24 21:13:11', 1, NULL),
(35320, 6, '2018-10-24 21:13:12', 0, NULL),
(35321, 6, '2018-10-24 21:13:21', 1, NULL),
(35322, 6, '2018-10-24 21:13:22', 0, NULL),
(35323, 6, '2018-10-24 21:13:27', 1, NULL),
(35324, 6, '2018-10-24 21:13:29', 0, NULL),
(35325, 6, '2018-10-24 21:13:36', 1, NULL),
(35326, 6, '2018-10-24 21:13:38', 0, NULL),
(35327, 6, '2018-10-24 21:14:05', 1, NULL),
(35328, 6, '2018-10-24 21:14:08', 0, NULL),
(35329, 6, '2018-10-24 21:14:14', 1, NULL),
(35330, 6, '2018-10-24 21:14:17', 0, NULL),
(35331, 6, '2018-10-24 21:14:23', 1, NULL),
(35332, 6, '2018-10-24 21:14:25', 0, NULL),
(35333, 6, '2018-10-24 21:14:33', 1, NULL),
(35334, 6, '2018-10-24 21:14:35', 0, NULL),
(35335, 6, '2018-10-24 21:14:44', 1, NULL),
(35336, 6, '2018-10-24 21:14:45', 0, NULL),
(35337, 6, '2018-10-24 21:14:50', 1, NULL),
(35338, 6, '2018-10-24 21:14:52', 0, NULL),
(35339, 6, '2018-10-24 21:14:59', 1, NULL),
(35340, 6, '2018-10-24 21:15:01', 0, NULL),
(35341, 6, '2018-10-24 21:17:04', 1, NULL),
(35342, 6, '2018-10-24 21:17:05', 0, NULL),
(35343, 6, '2018-10-24 21:17:45', 1, NULL),
(35344, 6, '2018-10-24 21:17:47', 0, NULL),
(35345, 6, '2018-10-24 21:18:59', 1, NULL),
(35346, 6, '2018-10-24 21:19:01', 0, NULL),
(35347, 6, '2018-10-24 21:22:02', 1, NULL),
(35348, 6, '2018-10-24 21:22:04', 0, NULL),
(35349, 6, '2018-10-24 21:22:26', 1, NULL),
(35350, 6, '2018-10-24 21:22:29', 0, NULL),
(35351, 6, '2018-10-24 21:22:46', 1, NULL),
(35352, 6, '2018-10-24 21:22:48', 0, NULL),
(35353, 6, '2018-10-24 21:22:55', 1, NULL),
(35354, 6, '2018-10-24 21:22:58', 0, NULL),
(35355, 6, '2018-10-24 21:23:05', 1, NULL),
(35356, 6, '2018-10-24 21:23:09', 0, NULL),
(35357, 6, '2018-10-24 21:23:12', 1, NULL),
(35358, 6, '2018-10-24 21:23:17', 0, NULL),
(35359, 6, '2018-10-24 21:23:22', 1, NULL),
(35360, 6, '2018-10-24 21:23:24', 0, NULL),
(35361, 6, '2018-10-24 21:23:30', 1, NULL),
(35362, 6, '2018-10-24 21:23:32', 0, NULL),
(35363, 6, '2018-10-24 21:23:38', 1, NULL),
(35364, 6, '2018-10-24 21:23:40', 0, NULL),
(35365, 6, '2018-10-24 21:23:48', 1, NULL),
(35366, 6, '2018-10-24 21:23:50', 0, NULL),
(35367, 6, '2018-10-24 21:23:56', 1, NULL),
(35368, 6, '2018-10-24 21:23:58', 0, NULL),
(35369, 6, '2018-10-24 21:24:05', 1, NULL),
(35370, 6, '2018-10-24 21:24:07', 0, NULL),
(35371, 6, '2018-10-24 21:24:14', 1, NULL),
(35372, 6, '2018-10-24 21:24:18', 0, NULL),
(35373, 6, '2018-10-24 21:24:44', 1, NULL),
(35374, 6, '2018-10-24 21:24:48', 0, NULL),
(35375, 6, '2018-10-24 21:25:11', 1, NULL),
(35376, 6, '2018-10-24 21:25:13', 0, NULL),
(35377, 6, '2018-10-24 21:25:47', 1, NULL),
(35378, 6, '2018-10-24 21:25:50', 0, NULL),
(35379, 6, '2018-10-24 21:28:00', 1, NULL),
(35380, 6, '2018-10-24 21:28:02', 0, NULL),
(35381, 6, '2018-10-24 21:28:51', 1, NULL),
(35382, 6, '2018-10-24 21:28:53', 0, NULL),
(35383, 6, '2018-10-24 21:29:37', 1, NULL),
(35384, 6, '2018-10-24 21:29:40', 0, NULL),
(35385, 6, '2018-10-24 21:29:57', 1, NULL),
(35386, 6, '2018-10-24 21:29:58', 0, NULL),
(35387, 6, '2018-10-24 21:30:04', 1, NULL),
(35388, 6, '2018-10-24 21:30:07', 0, NULL),
(35389, 6, '2018-10-24 21:31:31', 1, NULL),
(35390, 6, '2018-10-24 21:31:33', 0, NULL),
(35391, 6, '2018-10-24 21:31:39', 1, NULL),
(35392, 6, '2018-10-24 21:31:42', 0, NULL),
(35393, 6, '2018-10-24 21:31:49', 1, NULL),
(35394, 6, '2018-10-24 21:31:51', 0, NULL),
(35395, 6, '2018-10-24 21:31:57', 1, NULL),
(35396, 6, '2018-10-24 21:31:59', 0, NULL),
(35397, 6, '2018-10-24 21:32:35', 1, NULL),
(35398, 6, '2018-10-24 21:32:39', 0, NULL),
(35399, 6, '2018-10-24 21:32:44', 1, NULL),
(35400, 6, '2018-10-24 21:32:46', 0, NULL),
(35401, 6, '2018-10-24 21:32:54', 1, NULL),
(35402, 6, '2018-10-24 21:32:55', 0, NULL),
(35403, 6, '2018-10-24 21:33:18', 1, NULL),
(35404, 6, '2018-10-24 21:33:19', 0, NULL),
(35405, 6, '2018-10-24 21:33:26', 1, NULL),
(35406, 6, '2018-10-24 21:33:28', 0, NULL),
(35407, 6, '2018-10-24 21:34:52', 1, NULL),
(35408, 6, '2018-10-24 21:34:54', 0, NULL),
(35409, 6, '2018-10-24 21:34:59', 1, NULL),
(35410, 6, '2018-10-24 21:35:02', 0, NULL),
(35411, 6, '2018-10-24 21:35:09', 1, NULL),
(35412, 6, '2018-10-24 21:35:10', 0, NULL),
(35413, 6, '2018-10-24 21:35:20', 1, NULL),
(35414, 6, '2018-10-24 21:35:21', 0, NULL),
(35415, 6, '2018-10-24 21:35:30', 1, NULL),
(35416, 6, '2018-10-24 21:35:32', 0, NULL),
(35417, 6, '2018-10-24 21:36:22', 1, NULL),
(35418, 6, '2018-10-24 21:36:24', 0, NULL),
(35419, 6, '2018-10-24 21:36:32', 1, NULL),
(35420, 6, '2018-10-24 21:36:35', 0, NULL),
(35421, 6, '2018-10-24 21:36:43', 1, NULL),
(35422, 6, '2018-10-24 21:36:46', 0, NULL),
(35423, 6, '2018-10-24 21:36:58', 1, NULL),
(35424, 6, '2018-10-24 21:37:00', 0, NULL),
(35425, 6, '2018-10-24 21:37:07', 1, NULL),
(35426, 6, '2018-10-24 21:37:10', 0, NULL),
(35427, 6, '2018-10-24 21:37:15', 1, NULL),
(35428, 6, '2018-10-24 21:37:18', 0, NULL),
(35429, 6, '2018-10-24 21:37:33', 1, NULL),
(35430, 6, '2018-10-24 21:37:35', 0, NULL),
(35431, 6, '2018-10-24 21:37:43', 1, NULL),
(35432, 6, '2018-10-24 21:37:46', 0, NULL),
(35433, 6, '2018-10-24 21:37:51', 1, NULL),
(35434, 6, '2018-10-24 21:37:52', 0, NULL),
(35435, 6, '2018-10-24 21:38:00', 1, NULL),
(35436, 6, '2018-10-24 21:38:04', 0, NULL),
(35437, 6, '2018-10-24 21:38:07', 1, NULL),
(35438, 6, '2018-10-24 21:38:12', 0, NULL),
(35439, 6, '2018-10-25 03:57:24', 1, NULL),
(35440, 6, '2018-10-25 03:57:25', 0, NULL),
(35441, 6, '2018-10-25 03:57:35', 1, NULL),
(35442, 6, '2018-10-25 03:57:38', 0, NULL),
(35443, 6, '2018-10-25 03:57:43', 1, NULL),
(35444, 6, '2018-10-25 03:57:46', 0, NULL),
(35445, 6, '2018-10-25 03:58:11', 1, NULL),
(35446, 6, '2018-10-25 03:58:14', 0, NULL),
(35447, 6, '2018-10-25 03:58:22', 1, NULL),
(35448, 6, '2018-10-25 03:58:23', 0, NULL),
(35449, 6, '2018-10-25 03:58:30', 1, NULL),
(35450, 6, '2018-10-25 03:58:32', 0, NULL),
(35451, 6, '2018-10-25 03:58:39', 1, NULL),
(35452, 6, '2018-10-25 03:58:43', 0, NULL),
(35453, 6, '2018-10-25 03:58:57', 1, NULL),
(35454, 6, '2018-10-25 03:58:58', 0, NULL),
(35455, 6, '2018-10-25 03:59:07', 1, NULL),
(35456, 6, '2018-10-25 03:59:10', 0, NULL),
(35457, 6, '2018-10-25 03:59:17', 1, NULL),
(35458, 6, '2018-10-25 03:59:18', 0, NULL),
(35459, 6, '2018-10-25 03:59:26', 1, NULL),
(35460, 6, '2018-10-25 03:59:28', 0, NULL),
(35461, 6, '2018-10-25 03:59:34', 1, NULL),
(35462, 6, '2018-10-25 03:59:36', 0, NULL),
(35463, 6, '2018-10-25 03:59:48', 1, NULL),
(35464, 6, '2018-10-25 03:59:49', 0, NULL),
(35465, 6, '2018-10-25 03:59:57', 1, NULL),
(35466, 6, '2018-10-25 03:59:58', 0, NULL),
(35467, 6, '2018-10-25 04:00:09', 1, NULL),
(35468, 6, '2018-10-25 04:00:10', 0, NULL),
(35469, 6, '2018-10-25 04:00:20', 1, NULL),
(35470, 6, '2018-10-25 04:00:22', 0, NULL),
(35471, 6, '2018-10-25 04:00:27', 1, NULL),
(35472, 6, '2018-10-25 04:00:29', 0, NULL),
(35473, 6, '2018-10-25 04:00:35', 1, NULL),
(35474, 6, '2018-10-25 04:00:39', 0, NULL),
(35475, 6, '2018-10-25 04:00:47', 1, NULL),
(35476, 6, '2018-10-25 04:00:48', 0, NULL),
(35477, 6, '2018-10-25 04:00:56', 1, NULL),
(35478, 6, '2018-10-25 04:01:00', 0, NULL),
(35479, 3, '2018-10-25 04:01:10', 0, NULL),
(35480, 1, '2018-10-25 04:01:10', 1, NULL),
(35481, 1, '2018-10-25 04:01:12', 0, NULL),
(35482, 3, '2018-10-25 04:01:33', 1, NULL),
(35483, 1, '2018-10-25 04:01:34', 0, NULL),
(35484, 1, '2018-10-25 04:01:41', 1, NULL),
(35485, 1, '2018-10-25 04:01:43', 0, NULL),
(35486, 6, '2018-10-25 04:35:19', 1, NULL),
(35487, 6, '2018-10-25 04:35:20', 0, NULL),
(35488, 6, '2018-10-25 04:35:21', 1, NULL),
(35489, 6, '2018-10-25 04:35:23', 0, NULL),
(35490, 6, '2018-10-25 04:35:30', 1, NULL),
(35491, 6, '2018-10-25 04:35:32', 0, NULL),
(35492, 6, '2018-10-25 04:35:56', 1, NULL),
(35493, 6, '2018-10-25 04:35:57', 0, NULL),
(35494, 6, '2018-10-25 04:36:06', 1, NULL),
(35495, 6, '2018-10-25 04:36:08', 0, NULL),
(35496, 6, '2018-10-25 04:36:13', 1, NULL),
(35497, 6, '2018-10-25 04:36:15', 0, NULL),
(35498, 6, '2018-10-25 04:36:22', 1, NULL),
(35499, 6, '2018-10-25 04:36:24', 0, NULL),
(35500, 6, '2018-10-25 04:36:39', 1, NULL),
(35501, 6, '2018-10-25 04:36:41', 0, NULL),
(35502, 6, '2018-10-25 04:36:48', 1, NULL),
(35503, 6, '2018-10-25 04:36:49', 0, NULL),
(35504, 6, '2018-10-25 04:36:55', 1, NULL),
(35505, 6, '2018-10-25 04:36:57', 0, NULL),
(35506, 6, '2018-10-25 04:37:04', 1, NULL),
(35507, 6, '2018-10-25 04:37:06', 0, NULL),
(35508, 6, '2018-10-25 04:37:24', 1, NULL),
(35509, 6, '2018-10-25 04:37:25', 0, NULL),
(35510, 6, '2018-10-25 04:37:31', 1, NULL),
(35511, 6, '2018-10-25 04:37:33', 0, NULL),
(35512, 6, '2018-10-25 04:37:39', 1, NULL),
(35513, 6, '2018-10-25 04:37:42', 0, NULL),
(35514, 6, '2018-10-25 04:37:48', 1, NULL),
(35515, 6, '2018-10-25 04:37:50', 0, NULL),
(35516, 6, '2018-10-25 04:37:56', 1, NULL),
(35517, 6, '2018-10-25 04:38:01', 0, NULL),
(35518, 6, '2018-10-25 04:38:04', 1, NULL),
(35519, 6, '2018-10-25 04:38:08', 0, NULL),
(35520, 6, '2018-10-25 04:38:15', 1, NULL),
(35521, 6, '2018-10-25 04:38:18', 0, NULL),
(35522, 6, '2018-10-25 04:38:24', 1, NULL),
(35523, 6, '2018-10-25 04:38:25', 0, NULL),
(35524, 6, '2018-10-25 04:38:32', 1, NULL),
(35525, 6, '2018-10-25 04:38:34', 0, NULL),
(35526, 6, '2018-10-25 04:38:40', 1, NULL),
(35527, 6, '2018-10-25 04:38:43', 0, NULL),
(35528, 6, '2018-10-25 04:38:52', 1, NULL),
(35529, 6, '2018-10-25 04:38:54', 0, NULL),
(35530, 6, '2018-10-25 04:39:01', 1, NULL),
(35531, 6, '2018-10-25 04:39:05', 0, NULL),
(35532, 6, '2018-10-25 04:39:10', 1, NULL),
(35533, 6, '2018-10-25 04:39:12', 0, NULL),
(35534, 6, '2018-10-25 04:39:22', 1, NULL),
(35535, 6, '2018-10-25 04:39:23', 0, NULL),
(35536, 6, '2018-10-25 04:39:37', 1, NULL),
(35537, 6, '2018-10-25 04:39:39', 0, NULL),
(35538, 6, '2018-10-25 04:39:45', 1, NULL),
(35539, 6, '2018-10-25 04:39:48', 0, NULL),
(35540, 6, '2018-10-25 04:39:55', 1, NULL),
(35541, 6, '2018-10-25 04:39:57', 0, NULL),
(35542, 6, '2018-10-25 04:40:03', 1, NULL),
(35543, 6, '2018-10-25 04:40:05', 0, NULL),
(35544, 6, '2018-10-25 04:45:14', 1, NULL),
(35545, 6, '2018-10-25 04:45:15', 0, NULL),
(35546, 6, '2018-10-25 04:45:17', 1, NULL),
(35547, 6, '2018-10-25 04:45:22', 0, NULL),
(35548, 6, '2018-10-25 04:45:28', 1, NULL),
(35549, 6, '2018-10-25 04:45:33', 0, NULL),
(35550, 6, '2018-10-25 04:45:42', 1, NULL),
(35551, 6, '2018-10-25 04:45:45', 0, NULL),
(35552, 6, '2018-10-25 04:45:52', 1, NULL),
(35553, 6, '2018-10-25 04:45:54', 0, NULL),
(35554, 6, '2018-10-25 04:46:00', 1, NULL),
(35555, 6, '2018-10-25 04:46:02', 0, NULL),
(35556, 6, '2018-10-25 04:46:08', 1, NULL),
(35557, 6, '2018-10-25 04:46:10', 0, NULL),
(35558, 6, '2018-10-25 04:46:17', 1, NULL),
(35559, 6, '2018-10-25 04:46:22', 0, NULL),
(35560, 6, '2018-10-25 04:46:26', 1, NULL),
(35561, 6, '2018-10-25 04:46:28', 0, NULL),
(35562, 6, '2018-10-25 04:46:34', 1, NULL),
(35563, 6, '2018-10-25 04:46:36', 0, NULL),
(35564, 6, '2018-10-25 04:46:42', 1, NULL),
(35565, 6, '2018-10-25 04:46:44', 0, NULL),
(35566, 6, '2018-10-25 04:46:51', 1, NULL),
(35567, 6, '2018-10-25 04:46:53', 0, NULL),
(35568, 6, '2018-10-25 04:46:59', 1, NULL),
(35569, 6, '2018-10-25 04:47:03', 0, NULL),
(35570, 6, '2018-10-25 04:47:07', 1, NULL),
(35571, 6, '2018-10-25 04:47:10', 0, NULL),
(35572, 6, '2018-10-25 04:47:16', 1, NULL),
(35573, 6, '2018-10-25 04:47:18', 0, NULL),
(35574, 6, '2018-10-25 04:47:24', 1, NULL),
(35575, 6, '2018-10-25 04:47:29', 0, NULL),
(35576, 6, '2018-10-25 04:47:34', 1, NULL),
(35577, 6, '2018-10-25 04:47:36', 0, NULL),
(35578, 6, '2018-10-25 04:47:43', 1, NULL),
(35579, 6, '2018-10-25 04:47:44', 0, NULL),
(35580, 6, '2018-10-25 04:49:14', 1, NULL),
(35581, 6, '2018-10-25 04:49:15', 0, NULL),
(35582, 6, '2018-10-25 04:49:22', 1, NULL),
(35583, 6, '2018-10-25 04:49:23', 0, NULL),
(35584, 6, '2018-10-25 04:49:29', 1, NULL),
(35585, 6, '2018-10-25 04:49:31', 0, NULL),
(35586, 6, '2018-10-25 04:49:37', 1, NULL),
(35587, 6, '2018-10-25 04:49:41', 0, NULL),
(35588, 6, '2018-10-25 04:49:48', 1, NULL),
(35589, 6, '2018-10-25 04:49:49', 0, NULL),
(35590, 6, '2018-10-25 04:49:55', 1, NULL),
(35591, 6, '2018-10-25 04:49:56', 0, NULL),
(35592, 6, '2018-10-25 04:50:04', 1, NULL),
(35593, 6, '2018-10-25 04:50:06', 0, NULL),
(35594, 6, '2018-10-25 04:50:18', 1, NULL),
(35595, 6, '2018-10-25 04:50:19', 0, NULL),
(35596, 6, '2018-10-25 04:50:25', 1, NULL),
(35597, 6, '2018-10-25 04:50:27', 0, NULL),
(35598, 6, '2018-10-25 04:50:33', 1, NULL),
(35599, 6, '2018-10-25 04:50:36', 0, NULL),
(35600, 6, '2018-10-25 04:50:41', 1, NULL),
(35601, 6, '2018-10-25 04:50:44', 0, NULL),
(35602, 6, '2018-10-25 04:50:50', 1, NULL),
(35603, 6, '2018-10-25 04:50:51', 0, NULL),
(35604, 6, '2018-10-25 04:50:57', 1, NULL),
(35605, 6, '2018-10-25 04:50:59', 0, NULL),
(35606, 6, '2018-10-25 04:51:06', 1, NULL),
(35607, 6, '2018-10-25 04:51:09', 0, NULL),
(35608, 6, '2018-10-25 04:51:15', 1, NULL),
(35609, 6, '2018-10-25 04:51:19', 0, NULL),
(35610, 6, '2018-10-25 04:51:23', 1, NULL),
(35611, 6, '2018-10-25 04:51:24', 0, NULL),
(35612, 6, '2018-10-25 04:51:41', 1, NULL),
(35613, 6, '2018-10-25 04:51:43', 0, NULL),
(35614, 6, '2018-10-25 04:51:49', 1, NULL),
(35615, 6, '2018-10-25 04:51:51', 0, NULL),
(35616, 6, '2018-10-25 04:51:59', 1, NULL),
(35617, 6, '2018-10-25 04:52:01', 0, NULL),
(35618, 6, '2018-10-25 04:52:07', 1, NULL),
(35619, 6, '2018-10-25 04:52:08', 0, NULL),
(35620, 6, '2018-10-25 04:52:16', 1, NULL),
(35621, 6, '2018-10-25 04:52:20', 0, NULL),
(35622, 6, '2018-10-25 04:52:25', 1, NULL),
(35623, 6, '2018-10-25 04:52:27', 0, NULL),
(35624, 6, '2018-10-25 04:57:38', 1, NULL),
(35625, 6, '2018-10-25 04:57:41', 0, NULL),
(35626, 6, '2018-10-25 04:57:43', 1, NULL),
(35627, 6, '2018-10-25 04:57:46', 0, NULL),
(35628, 6, '2018-10-25 04:57:50', 1, NULL),
(35629, 6, '2018-10-25 04:57:53', 0, NULL),
(35630, 6, '2018-10-25 04:57:58', 1, NULL),
(35631, 6, '2018-10-25 04:58:01', 0, NULL),
(35632, 6, '2018-10-25 04:58:06', 1, NULL),
(35633, 6, '2018-10-25 04:58:08', 0, NULL),
(35634, 6, '2018-10-25 04:58:14', 1, NULL),
(35635, 6, '2018-10-25 04:58:16', 0, NULL),
(35636, 6, '2018-10-25 04:58:26', 1, NULL),
(35637, 6, '2018-10-25 04:58:28', 0, NULL),
(35638, 6, '2018-10-25 04:58:53', 1, NULL),
(35639, 6, '2018-10-25 04:58:55', 0, NULL),
(35640, 6, '2018-10-25 04:59:01', 1, NULL),
(35641, 6, '2018-10-25 04:59:03', 0, NULL),
(35642, 6, '2018-10-25 04:59:34', 1, NULL),
(35643, 6, '2018-10-25 04:59:35', 0, NULL),
(35644, 6, '2018-10-25 04:59:44', 1, NULL),
(35645, 6, '2018-10-25 04:59:46', 0, NULL),
(35646, 6, '2018-10-25 04:59:51', 1, NULL),
(35647, 6, '2018-10-25 04:59:56', 0, NULL),
(35648, 6, '2018-10-25 04:59:59', 1, NULL),
(35649, 6, '2018-10-25 05:00:04', 0, NULL),
(35650, 6, '2018-10-25 05:00:15', 1, NULL),
(35651, 6, '2018-10-25 05:00:16', 0, NULL),
(35652, 6, '2018-10-25 05:00:29', 1, NULL),
(35653, 6, '2018-10-25 05:00:31', 0, NULL),
(35654, 6, '2018-10-25 05:00:38', 1, NULL),
(35655, 6, '2018-10-25 05:00:40', 0, NULL),
(35656, 6, '2018-10-25 05:01:08', 1, NULL),
(35657, 6, '2018-10-25 05:01:10', 0, NULL),
(35658, 6, '2018-10-25 05:01:35', 1, NULL),
(35659, 6, '2018-10-25 05:01:36', 0, NULL),
(35660, 6, '2018-10-25 05:01:41', 1, NULL),
(35661, 6, '2018-10-25 05:01:43', 0, NULL),
(35662, 6, '2018-10-25 05:01:51', 1, NULL),
(35663, 6, '2018-10-25 05:01:55', 0, NULL),
(35664, 6, '2018-10-25 05:02:07', 1, NULL),
(35665, 6, '2018-10-25 05:02:10', 0, NULL),
(35666, 6, '2018-10-25 05:02:29', 1, NULL),
(35667, 6, '2018-10-25 05:02:31', 0, NULL),
(35668, 6, '2018-10-25 05:02:37', 1, NULL),
(35669, 6, '2018-10-25 05:02:39', 0, NULL),
(35670, 6, '2018-10-25 05:02:57', 1, NULL),
(35671, 6, '2018-10-25 05:03:00', 0, NULL),
(35672, 6, '2018-10-25 05:03:05', 1, NULL),
(35673, 6, '2018-10-25 05:03:07', 0, NULL),
(35674, 6, '2018-10-25 05:03:15', 1, NULL),
(35675, 6, '2018-10-25 05:03:17', 0, NULL),
(35676, 6, '2018-10-25 05:04:27', 1, NULL),
(35677, 6, '2018-10-25 05:04:29', 0, NULL),
(35678, 6, '2018-10-25 05:04:36', 1, NULL),
(35679, 6, '2018-10-25 05:04:38', 0, NULL),
(35680, 6, '2018-10-25 05:04:45', 1, NULL),
(35681, 6, '2018-10-25 05:04:47', 0, NULL),
(35682, 6, '2018-10-25 05:05:07', 1, NULL),
(35683, 6, '2018-10-25 05:05:09', 0, NULL),
(35684, 6, '2018-10-25 05:05:16', 1, NULL),
(35685, 6, '2018-10-25 05:05:18', 0, NULL),
(35686, 6, '2018-10-25 05:05:26', 1, NULL),
(35687, 6, '2018-10-25 05:05:27', 0, NULL),
(35688, 6, '2018-10-25 05:05:34', 1, NULL),
(35689, 6, '2018-10-25 05:05:38', 0, NULL),
(35690, 6, '2018-10-25 05:05:41', 1, NULL),
(35691, 6, '2018-10-25 05:05:44', 0, NULL),
(35692, 6, '2018-10-25 05:05:55', 1, NULL),
(35693, 6, '2018-10-25 05:05:56', 0, NULL),
(35694, 6, '2018-10-25 05:06:02', 1, NULL),
(35695, 6, '2018-10-25 05:06:04', 0, NULL),
(35696, 6, '2018-10-25 05:06:10', 1, NULL),
(35697, 6, '2018-10-25 05:06:12', 0, NULL),
(35698, 6, '2018-10-25 05:06:18', 1, NULL),
(35699, 6, '2018-10-25 05:06:20', 0, NULL),
(35700, 6, '2018-10-25 05:06:26', 1, NULL),
(35701, 6, '2018-10-25 05:06:28', 0, NULL),
(35702, 6, '2018-10-25 05:06:38', 1, NULL),
(35703, 6, '2018-10-25 05:06:40', 0, NULL),
(35704, 6, '2018-10-25 05:06:49', 1, NULL),
(35705, 6, '2018-10-25 05:06:51', 0, NULL),
(35706, 6, '2018-10-25 05:06:57', 1, NULL),
(35707, 6, '2018-10-25 05:06:59', 0, NULL),
(35708, 6, '2018-10-25 05:07:09', 1, NULL),
(35709, 2, '2018-10-25 05:07:10', 1, NULL),
(35710, 6, '2018-10-25 05:07:12', 0, NULL),
(35711, 2, '2018-10-25 05:07:12', 0, NULL),
(35712, 6, '2018-10-25 05:07:17', 1, NULL),
(35713, 2, '2018-10-25 05:07:19', 1, NULL),
(35714, 6, '2018-10-25 05:07:19', 0, NULL),
(35715, 2, '2018-10-25 05:07:21', 0, NULL),
(35716, 2, '2018-10-25 05:07:28', 1, NULL),
(35717, 6, '2018-10-25 05:07:30', 1, NULL),
(35718, 2, '2018-10-25 05:07:32', 0, NULL),
(35719, 6, '2018-10-25 05:07:35', 0, NULL),
(35720, 6, '2018-10-25 05:07:37', 1, NULL),
(35721, 2, '2018-10-25 05:07:39', 1, NULL),
(35722, 6, '2018-10-25 05:07:41', 0, NULL),
(35723, 2, '2018-10-25 05:07:43', 0, NULL),
(35724, 6, '2018-10-25 05:07:46', 1, NULL),
(35725, 2, '2018-10-25 05:07:49', 1, NULL),
(35726, 6, '2018-10-25 05:07:49', 0, NULL),
(35727, 2, '2018-10-25 05:07:52', 0, NULL),
(35728, 2, '2018-10-25 05:07:55', 1, NULL),
(35729, 6, '2018-10-25 05:07:57', 1, NULL),
(35730, 2, '2018-10-25 05:07:57', 0, NULL),
(35731, 6, '2018-10-25 05:07:59', 0, NULL),
(35732, 2, '2018-10-25 05:08:03', 1, NULL),
(35733, 2, '2018-10-25 05:08:08', 0, NULL),
(35734, 2, '2018-10-25 05:08:14', 1, NULL),
(35735, 2, '2018-10-25 05:08:16', 0, NULL),
(35736, 2, '2018-10-25 05:08:21', 1, NULL),
(35737, 2, '2018-10-25 05:08:23', 0, NULL),
(35738, 6, '2018-10-25 05:08:25', 1, NULL),
(35739, 2, '2018-10-25 05:08:27', 1, NULL),
(35740, 6, '2018-10-25 05:08:27', 0, NULL),
(35741, 2, '2018-10-25 05:08:30', 0, NULL),
(35742, 6, '2018-10-25 05:08:35', 1, NULL),
(35743, 6, '2018-10-25 05:08:36', 0, NULL),
(35744, 2, '2018-10-25 05:08:39', 1, NULL),
(35745, 2, '2018-10-25 05:08:41', 0, NULL),
(35746, 6, '2018-10-25 05:08:43', 1, NULL),
(35747, 6, '2018-10-25 05:08:45', 0, NULL),
(35748, 6, '2018-10-25 05:08:51', 1, NULL),
(35749, 6, '2018-10-25 05:08:53', 0, NULL),
(35750, 2, '2018-10-25 05:09:00', 1, NULL),
(35751, 6, '2018-10-25 05:09:00', 1, NULL),
(35752, 2, '2018-10-25 05:09:01', 0, NULL),
(35753, 6, '2018-10-25 05:09:02', 0, NULL),
(35754, 6, '2018-10-25 05:09:09', 1, NULL),
(35755, 6, '2018-10-25 05:09:12', 0, NULL),
(35756, 2, '2018-10-25 05:09:15', 1, NULL),
(35757, 2, '2018-10-25 05:09:16', 0, NULL),
(35758, 6, '2018-10-25 05:09:22', 1, NULL),
(35759, 2, '2018-10-25 05:09:23', 1, NULL),
(35760, 6, '2018-10-25 05:09:24', 0, NULL),
(35761, 2, '2018-10-25 05:09:24', 0, NULL),
(35762, 6, '2018-10-25 05:09:35', 1, NULL),
(35763, 6, '2018-10-25 05:09:37', 0, NULL),
(35764, 2, '2018-10-25 05:09:38', 1, NULL),
(35765, 2, '2018-10-25 05:09:42', 0, NULL),
(35766, 6, '2018-10-25 05:09:47', 1, NULL),
(35767, 6, '2018-10-25 05:09:48', 0, NULL),
(35768, 6, '2018-10-25 05:09:53', 1, NULL),
(35769, 6, '2018-10-25 05:09:55', 0, NULL),
(35770, 6, '2018-10-25 05:10:08', 1, NULL),
(35771, 6, '2018-10-25 05:10:09', 0, NULL),
(35772, 2, '2018-10-25 05:10:17', 1, NULL),
(35773, 2, '2018-10-25 05:10:19', 0, NULL),
(35774, 2, '2018-10-25 05:10:26', 1, NULL),
(35775, 2, '2018-10-25 05:10:27', 0, NULL),
(35776, 6, '2018-10-25 05:10:27', 1, NULL),
(35777, 6, '2018-10-25 05:10:31', 0, NULL),
(35778, 2, '2018-10-25 05:10:33', 1, NULL),
(35779, 2, '2018-10-25 05:10:35', 0, NULL),
(35780, 6, '2018-10-25 05:10:36', 1, NULL),
(35781, 6, '2018-10-25 05:10:38', 0, NULL),
(35782, 6, '2018-10-25 05:10:45', 1, NULL),
(35783, 6, '2018-10-25 05:10:48', 0, NULL),
(35784, 6, '2018-10-25 05:11:08', 1, NULL),
(35785, 2, '2018-10-25 05:11:09', 1, NULL),
(35786, 6, '2018-10-25 05:11:09', 0, NULL),
(35787, 2, '2018-10-25 05:11:11', 0, NULL),
(35788, 2, '2018-10-25 05:11:16', 1, NULL),
(35789, 2, '2018-10-25 05:11:18', 0, NULL),
(35790, 6, '2018-10-25 05:11:19', 1, NULL),
(35791, 6, '2018-10-25 05:11:21', 0, NULL),
(35792, 2, '2018-10-25 05:11:23', 1, NULL),
(35793, 2, '2018-10-25 05:11:25', 0, NULL),
(35794, 6, '2018-10-25 05:11:33', 1, NULL),
(35795, 6, '2018-10-25 05:11:35', 0, NULL),
(35796, 6, '2018-10-25 05:11:40', 1, NULL),
(35797, 6, '2018-10-25 05:11:43', 0, NULL),
(35798, 2, '2018-10-25 05:11:49', 1, NULL),
(35799, 6, '2018-10-25 05:11:50', 1, NULL),
(35800, 2, '2018-10-25 05:11:51', 0, NULL),
(35801, 6, '2018-10-25 05:11:52', 0, NULL),
(35802, 6, '2018-10-25 05:11:58', 1, NULL),
(35803, 2, '2018-10-25 05:11:59', 1, NULL),
(35804, 6, '2018-10-25 05:12:00', 0, NULL),
(35805, 2, '2018-10-25 05:12:01', 0, NULL),
(35806, 6, '2018-10-25 05:12:16', 1, NULL),
(35807, 6, '2018-10-25 05:12:18', 0, NULL),
(35808, 6, '2018-10-25 05:12:27', 1, NULL),
(35809, 6, '2018-10-25 05:12:29', 0, NULL),
(35810, 6, '2018-10-25 05:12:33', 1, NULL),
(35811, 2, '2018-10-25 05:12:33', 1, NULL),
(35812, 6, '2018-10-25 05:12:35', 0, NULL),
(35813, 2, '2018-10-25 05:12:35', 0, NULL),
(35814, 2, '2018-10-25 05:12:41', 1, NULL),
(35815, 6, '2018-10-25 05:12:43', 1, NULL),
(35816, 2, '2018-10-25 05:12:44', 0, NULL),
(35817, 6, '2018-10-25 05:12:46', 0, NULL),
(35818, 2, '2018-10-25 05:12:50', 1, NULL),
(35819, 2, '2018-10-25 05:12:53', 0, NULL),
(35820, 6, '2018-10-25 05:13:05', 1, NULL),
(35821, 6, '2018-10-25 05:13:06', 0, NULL),
(35822, 6, '2018-10-25 05:13:28', 1, NULL),
(35823, 6, '2018-10-25 05:13:30', 0, NULL),
(35824, 2, '2018-10-25 05:13:50', 1, NULL),
(35825, 2, '2018-10-25 05:13:53', 0, NULL),
(35826, 2, '2018-10-25 05:13:58', 1, NULL),
(35827, 2, '2018-10-25 05:14:00', 0, NULL),
(35828, 6, '2018-10-25 05:14:06', 1, NULL),
(35829, 2, '2018-10-25 05:14:07', 1, NULL),
(35830, 6, '2018-10-25 05:14:07', 0, NULL),
(35831, 2, '2018-10-25 05:14:09', 0, NULL),
(35832, 2, '2018-10-25 05:14:17', 1, NULL),
(35833, 6, '2018-10-25 05:14:17', 1, NULL),
(35834, 2, '2018-10-25 05:14:18', 0, NULL),
(35835, 6, '2018-10-25 05:14:18', 0, NULL),
(35836, 2, '2018-10-25 05:14:24', 1, NULL),
(35837, 2, '2018-10-25 05:14:26', 0, NULL),
(35838, 2, '2018-10-25 05:14:31', 1, NULL),
(35839, 6, '2018-10-25 05:14:33', 1, NULL),
(35840, 2, '2018-10-25 05:14:33', 0, NULL),
(35841, 6, '2018-10-25 05:14:34', 0, NULL),
(35842, 2, '2018-10-25 05:14:39', 1, NULL),
(35843, 2, '2018-10-25 05:14:41', 0, NULL),
(35844, 6, '2018-10-25 05:14:43', 1, NULL),
(35845, 6, '2018-10-25 05:14:47', 0, NULL),
(35846, 2, '2018-10-25 05:14:50', 1, NULL),
(35847, 2, '2018-10-25 05:14:54', 0, NULL),
(35848, 2, '2018-10-25 05:14:59', 1, NULL),
(35849, 2, '2018-10-25 05:15:01', 0, NULL),
(35850, 2, '2018-10-25 05:15:06', 1, NULL),
(35851, 2, '2018-10-25 05:15:08', 0, NULL),
(35852, 6, '2018-10-25 05:15:16', 1, NULL),
(35853, 6, '2018-10-25 05:15:19', 0, NULL),
(35854, 6, '2018-10-25 05:15:36', 1, NULL),
(35855, 6, '2018-10-25 05:15:39', 0, NULL),
(35856, 6, '2018-10-25 05:15:46', 1, NULL),
(35857, 6, '2018-10-25 05:15:50', 0, NULL),
(35858, 6, '2018-10-25 05:16:04', 1, NULL),
(35859, 6, '2018-10-25 05:16:08', 0, NULL),
(35860, 2, '2018-10-25 05:16:13', 1, NULL),
(35861, 2, '2018-10-25 05:16:15', 0, NULL),
(35862, 6, '2018-10-25 05:16:23', 1, NULL),
(35863, 6, '2018-10-25 05:16:25', 0, NULL),
(35864, 6, '2018-10-25 05:16:45', 1, NULL),
(35865, 6, '2018-10-25 05:16:50', 0, NULL),
(35866, 6, '2018-10-25 05:17:05', 1, NULL),
(35867, 6, '2018-10-25 05:17:07', 0, NULL),
(35868, 2, '2018-10-25 05:17:23', 1, NULL),
(35869, 2, '2018-10-25 05:17:24', 0, NULL),
(35870, 2, '2018-10-25 05:17:30', 1, NULL),
(35871, 2, '2018-10-25 05:17:34', 0, NULL),
(35872, 6, '2018-10-25 05:17:53', 1, NULL),
(35873, 6, '2018-10-25 05:17:55', 0, NULL),
(35874, 6, '2018-10-25 05:18:04', 1, NULL),
(35875, 6, '2018-10-25 05:18:06', 0, NULL),
(35876, 2, '2018-10-25 05:18:25', 1, NULL),
(35877, 2, '2018-10-25 05:18:28', 0, NULL),
(35878, 2, '2018-10-25 05:18:32', 1, NULL),
(35879, 6, '2018-10-25 05:18:32', 1, NULL),
(35880, 2, '2018-10-25 05:18:34', 0, NULL),
(35881, 6, '2018-10-25 05:18:34', 0, NULL),
(35882, 6, '2018-10-25 05:18:46', 1, NULL),
(35883, 6, '2018-10-25 05:18:48', 0, NULL),
(35884, 2, '2018-10-25 05:18:52', 1, NULL),
(35885, 2, '2018-10-25 05:18:55', 0, NULL),
(35886, 6, '2018-10-25 05:18:56', 1, NULL),
(35887, 6, '2018-10-25 05:18:58', 0, NULL),
(35888, 6, '2018-10-25 05:19:07', 1, NULL),
(35889, 6, '2018-10-25 05:19:12', 0, NULL),
(35890, 6, '2018-10-25 05:19:18', 1, NULL),
(35891, 6, '2018-10-25 05:19:20', 0, NULL),
(35892, 2, '2018-10-25 05:19:34', 1, NULL),
(35893, 2, '2018-10-25 05:19:35', 0, NULL),
(35894, 2, '2018-10-25 05:19:43', 1, NULL),
(35895, 2, '2018-10-25 05:19:44', 0, NULL),
(35896, 2, '2018-10-25 05:19:51', 1, NULL),
(35897, 6, '2018-10-25 05:19:52', 1, NULL),
(35898, 2, '2018-10-25 05:19:54', 0, NULL),
(35899, 6, '2018-10-25 05:19:54', 0, NULL),
(35900, 2, '2018-10-25 05:19:59', 1, NULL),
(35901, 2, '2018-10-25 05:20:02', 0, NULL),
(35902, 2, '2018-10-25 05:20:07', 1, NULL),
(35903, 2, '2018-10-25 05:20:12', 0, NULL),
(35904, 2, '2018-10-25 05:20:17', 1, NULL),
(35905, 2, '2018-10-25 05:20:19', 0, NULL),
(35906, 6, '2018-10-25 05:20:22', 1, NULL),
(35907, 6, '2018-10-25 05:20:24', 0, NULL),
(35908, 6, '2018-10-25 05:20:55', 1, NULL),
(35909, 6, '2018-10-25 05:20:56', 0, NULL),
(35910, 6, '2018-10-25 05:21:04', 1, NULL),
(35911, 6, '2018-10-25 05:21:06', 0, NULL),
(35912, 6, '2018-10-25 05:21:13', 1, NULL),
(35913, 6, '2018-10-25 05:21:16', 0, NULL),
(35914, 6, '2018-10-25 05:21:24', 1, NULL),
(35915, 6, '2018-10-25 05:21:27', 0, NULL),
(35916, 6, '2018-10-25 05:21:55', 1, NULL),
(35917, 6, '2018-10-25 05:21:57', 0, NULL),
(35918, 6, '2018-10-25 05:22:04', 1, NULL),
(35919, 6, '2018-10-25 05:22:08', 0, NULL),
(35920, 6, '2018-10-25 05:22:15', 1, NULL),
(35921, 6, '2018-10-25 05:22:16', 0, NULL),
(35922, 2, '2018-10-25 05:22:30', 1, NULL),
(35923, 2, '2018-10-25 05:22:32', 0, NULL),
(35924, 6, '2018-10-25 05:22:34', 1, NULL),
(35925, 6, '2018-10-25 05:22:36', 0, NULL),
(35926, 2, '2018-10-25 05:22:55', 1, NULL),
(35927, 2, '2018-10-25 05:23:00', 0, NULL),
(35928, 6, '2018-10-25 05:23:01', 1, NULL),
(35929, 2, '2018-10-25 05:23:03', 1, NULL),
(35930, 6, '2018-10-25 05:23:03', 0, NULL),
(35931, 2, '2018-10-25 05:23:05', 0, NULL),
(35932, 6, '2018-10-25 05:23:10', 1, NULL),
(35933, 6, '2018-10-25 05:23:15', 0, NULL),
(35934, 2, '2018-10-25 05:23:15', 1, NULL),
(35935, 2, '2018-10-25 05:23:16', 0, NULL),
(35936, 6, '2018-10-25 05:23:33', 1, NULL),
(35937, 6, '2018-10-25 05:23:35', 0, NULL),
(35938, 6, '2018-10-25 05:23:47', 1, NULL),
(35939, 6, '2018-10-25 05:23:48', 0, NULL),
(35940, 6, '2018-10-25 05:23:55', 1, NULL),
(35941, 6, '2018-10-25 05:23:57', 0, NULL),
(35942, 6, '2018-10-25 05:24:23', 1, NULL),
(35943, 6, '2018-10-25 05:24:25', 0, NULL),
(35944, 6, '2018-10-25 05:24:30', 1, NULL),
(35945, 6, '2018-10-25 05:24:33', 0, NULL),
(35946, 2, '2018-10-25 05:24:44', 1, NULL),
(35947, 2, '2018-10-25 05:24:47', 0, NULL),
(35948, 2, '2018-10-25 05:24:53', 1, NULL),
(35949, 2, '2018-10-25 05:24:55', 0, NULL),
(35950, 2, '2018-10-25 05:25:00', 1, NULL),
(35951, 2, '2018-10-25 05:25:05', 0, NULL),
(35952, 6, '2018-10-25 05:25:08', 1, NULL),
(35953, 2, '2018-10-25 05:25:09', 1, NULL),
(35954, 6, '2018-10-25 05:25:10', 0, NULL),
(35955, 2, '2018-10-25 05:25:11', 0, NULL),
(35956, 6, '2018-10-25 05:26:07', 1, NULL),
(35957, 6, '2018-10-25 05:26:09', 0, NULL),
(35958, 6, '2018-10-25 05:26:17', 1, NULL),
(35959, 6, '2018-10-25 05:26:19', 0, NULL),
(35960, 6, '2018-10-25 05:26:25', 1, NULL),
(35961, 6, '2018-10-25 05:26:28', 0, NULL),
(35962, 2, '2018-10-25 05:26:40', 1, NULL),
(35963, 2, '2018-10-25 05:26:42', 0, NULL),
(35964, 6, '2018-10-25 05:26:43', 1, NULL),
(35965, 6, '2018-10-25 05:26:45', 0, NULL),
(35966, 2, '2018-10-25 05:26:49', 1, NULL),
(35967, 2, '2018-10-25 05:26:51', 0, NULL),
(35968, 2, '2018-10-25 05:26:57', 1, NULL),
(35969, 2, '2018-10-25 05:27:00', 0, NULL),
(35970, 2, '2018-10-25 05:27:05', 1, NULL),
(35971, 2, '2018-10-25 05:27:09', 0, NULL),
(35972, 6, '2018-10-25 05:27:11', 1, NULL),
(35973, 2, '2018-10-25 05:27:12', 1, NULL),
(35974, 6, '2018-10-25 05:27:12', 0, NULL),
(35975, 2, '2018-10-25 05:27:15', 0, NULL),
(35976, 6, '2018-10-25 05:27:40', 1, NULL),
(35977, 6, '2018-10-25 05:27:41', 0, NULL),
(35978, 6, '2018-10-25 05:28:25', 1, NULL),
(35979, 6, '2018-10-25 05:28:27', 0, NULL),
(35980, 6, '2018-10-25 05:28:32', 1, NULL),
(35981, 6, '2018-10-25 05:28:35', 0, NULL),
(35982, 6, '2018-10-25 05:28:58', 1, NULL),
(35983, 6, '2018-10-25 05:29:00', 0, NULL),
(35984, 6, '2018-10-25 05:29:08', 1, NULL),
(35985, 6, '2018-10-25 05:29:10', 0, NULL),
(35986, 6, '2018-10-25 05:29:19', 1, NULL),
(35987, 6, '2018-10-25 05:29:24', 0, NULL),
(35988, 6, '2018-10-25 05:29:29', 1, NULL),
(35989, 2, '2018-10-25 05:29:31', 1, NULL),
(35990, 6, '2018-10-25 05:29:31', 0, NULL),
(35991, 2, '2018-10-25 05:29:32', 0, NULL),
(35992, 6, '2018-10-25 05:29:37', 1, NULL),
(35993, 6, '2018-10-25 05:29:39', 0, NULL),
(35994, 6, '2018-10-25 05:29:46', 1, NULL),
(35995, 6, '2018-10-25 05:29:48', 0, NULL),
(35996, 6, '2018-10-25 05:29:56', 1, NULL),
(35997, 6, '2018-10-25 05:29:57', 0, NULL),
(35998, 6, '2018-10-25 05:30:03', 1, NULL),
(35999, 6, '2018-10-25 05:30:05', 0, NULL),
(36000, 6, '2018-10-25 05:30:13', 1, NULL),
(36001, 6, '2018-10-25 05:30:15', 0, NULL),
(36002, 2, '2018-10-25 05:30:16', 1, NULL),
(36003, 2, '2018-10-25 05:30:18', 0, NULL),
(36004, 6, '2018-10-25 05:30:21', 1, NULL),
(36005, 6, '2018-10-25 05:30:23', 0, NULL),
(36006, 6, '2018-10-25 05:30:31', 1, NULL),
(36007, 6, '2018-10-25 05:30:33', 0, NULL),
(36008, 6, '2018-10-25 05:30:43', 1, NULL),
(36009, 6, '2018-10-25 05:30:45', 0, NULL),
(36010, 6, '2018-10-25 05:30:51', 1, NULL),
(36011, 6, '2018-10-25 05:30:53', 0, NULL),
(36012, 6, '2018-10-25 05:30:59', 1, NULL),
(36013, 6, '2018-10-25 05:31:01', 0, NULL),
(36014, 6, '2018-10-25 05:31:36', 0, NULL),
(36015, 6, '2018-10-25 05:31:41', 1, NULL),
(36016, 6, '2018-10-25 05:31:43', 0, NULL),
(36017, 6, '2018-10-25 05:32:05', 1, NULL),
(36018, 6, '2018-10-25 05:32:07', 0, NULL),
(36019, 6, '2018-10-25 05:32:18', 1, NULL),
(36020, 6, '2018-10-25 05:32:19', 0, NULL),
(36021, 6, '2018-10-25 05:32:27', 1, NULL),
(36022, 6, '2018-10-25 05:32:28', 0, NULL),
(36023, 6, '2018-10-25 05:32:41', 1, NULL),
(36024, 6, '2018-10-25 05:32:42', 0, NULL),
(36025, 6, '2018-10-25 05:32:49', 1, NULL),
(36026, 6, '2018-10-25 05:32:51', 0, NULL),
(36027, 6, '2018-10-25 05:32:56', 1, NULL),
(36028, 6, '2018-10-25 05:32:58', 0, NULL),
(36029, 6, '2018-10-25 05:33:07', 1, NULL),
(36030, 6, '2018-10-25 05:33:09', 0, NULL),
(36031, 6, '2018-10-25 05:33:16', 1, NULL),
(36032, 6, '2018-10-25 05:33:17', 0, NULL),
(36033, 6, '2018-10-25 05:33:22', 1, NULL),
(36034, 6, '2018-10-25 05:33:24', 0, NULL),
(36035, 6, '2018-10-25 05:33:36', 1, NULL),
(36036, 6, '2018-10-25 05:33:38', 0, NULL),
(36037, 6, '2018-10-25 05:33:43', 1, NULL),
(36038, 6, '2018-10-25 05:33:46', 0, NULL),
(36039, 6, '2018-10-25 05:33:55', 1, NULL),
(36040, 6, '2018-10-25 05:33:56', 0, NULL),
(36041, 6, '2018-10-25 05:34:03', 1, NULL),
(36042, 6, '2018-10-25 05:34:05', 0, NULL),
(36043, 6, '2018-10-25 05:34:12', 1, NULL),
(36044, 6, '2018-10-25 05:34:13', 0, NULL),
(36045, 6, '2018-10-25 05:34:20', 1, NULL),
(36046, 6, '2018-10-25 05:34:26', 0, NULL),
(36047, 6, '2018-10-25 05:34:28', 1, NULL),
(36048, 6, '2018-10-25 05:34:32', 0, NULL),
(36049, 6, '2018-10-25 05:34:38', 1, NULL),
(36050, 6, '2018-10-25 05:34:39', 0, NULL),
(36051, 6, '2018-10-25 05:34:48', 1, NULL),
(36052, 6, '2018-10-25 05:34:50', 0, NULL),
(36053, 6, '2018-10-25 05:34:56', 1, NULL),
(36054, 6, '2018-10-25 05:34:59', 0, NULL),
(36055, 6, '2018-10-25 05:35:07', 1, NULL),
(36056, 6, '2018-10-25 05:35:09', 0, NULL),
(36057, 6, '2018-10-25 05:35:17', 1, NULL),
(36058, 6, '2018-10-25 05:35:18', 0, NULL),
(36059, 6, '2018-10-25 05:35:24', 1, NULL),
(36060, 6, '2018-10-25 05:35:29', 0, NULL),
(36061, 6, '2018-10-25 05:35:35', 1, NULL),
(36062, 6, '2018-10-25 05:35:37', 0, NULL),
(36063, 6, '2018-10-25 05:35:44', 1, NULL),
(36064, 6, '2018-10-25 05:35:45', 0, NULL),
(36065, 6, '2018-10-25 05:35:50', 1, NULL),
(36066, 6, '2018-10-25 05:35:52', 0, NULL),
(36067, 6, '2018-10-25 05:35:59', 1, NULL),
(36068, 6, '2018-10-25 05:36:02', 0, NULL),
(36069, 6, '2018-10-25 05:36:09', 1, NULL),
(36070, 6, '2018-10-25 05:36:11', 0, NULL),
(36071, 6, '2018-10-25 05:36:22', 1, NULL),
(36072, 6, '2018-10-25 05:36:23', 0, NULL),
(36073, 6, '2018-10-25 05:36:43', 1, NULL),
(36074, 6, '2018-10-25 05:36:45', 0, NULL),
(36075, 2, '2018-10-25 05:36:49', 1, NULL),
(36076, 2, '2018-10-25 05:36:51', 0, NULL),
(36077, 6, '2018-10-25 05:36:51', 1, NULL),
(36078, 6, '2018-10-25 05:36:54', 0, NULL),
(36079, 2, '2018-10-25 05:36:57', 1, NULL),
(36080, 2, '2018-10-25 05:37:00', 0, NULL),
(36081, 6, '2018-10-25 05:37:02', 1, NULL),
(36082, 6, '2018-10-25 05:37:04', 0, NULL),
(36083, 2, '2018-10-25 05:37:05', 1, NULL),
(36084, 2, '2018-10-25 05:37:10', 0, NULL),
(36085, 6, '2018-10-25 05:37:11', 1, NULL),
(36086, 6, '2018-10-25 05:37:13', 0, NULL),
(36087, 2, '2018-10-25 05:37:17', 1, NULL),
(36088, 2, '2018-10-25 05:37:20', 0, NULL),
(36089, 6, '2018-10-25 05:37:20', 1, NULL),
(36090, 6, '2018-10-25 05:37:22', 0, NULL),
(36091, 2, '2018-10-25 05:37:26', 1, NULL),
(36092, 2, '2018-10-25 05:37:28', 0, NULL),
(36093, 6, '2018-10-25 05:37:29', 1, NULL),
(36094, 6, '2018-10-25 05:37:32', 0, NULL),
(36095, 2, '2018-10-25 05:37:34', 1, NULL),
(36096, 2, '2018-10-25 05:37:36', 0, NULL),
(36097, 6, '2018-10-25 05:37:38', 1, NULL),
(36098, 6, '2018-10-25 05:37:40', 0, NULL),
(36099, 2, '2018-10-25 05:37:41', 1, NULL),
(36100, 2, '2018-10-25 05:37:43', 0, NULL),
(36101, 6, '2018-10-25 05:37:47', 1, NULL),
(36102, 2, '2018-10-25 05:37:49', 1, NULL),
(36103, 6, '2018-10-25 05:37:49', 0, NULL),
(36104, 2, '2018-10-25 05:37:51', 0, NULL),
(36105, 6, '2018-10-25 05:37:57', 1, NULL),
(36106, 2, '2018-10-25 05:37:58', 1, NULL),
(36107, 6, '2018-10-25 05:37:58', 0, NULL),
(36108, 2, '2018-10-25 05:38:01', 0, NULL),
(36109, 2, '2018-10-25 05:38:06', 1, NULL),
(36110, 6, '2018-10-25 05:38:07', 1, NULL),
(36111, 2, '2018-10-25 05:38:09', 0, NULL),
(36112, 6, '2018-10-25 05:38:09', 0, NULL),
(36113, 6, '2018-10-25 05:38:18', 1, NULL),
(36114, 6, '2018-10-25 05:38:20', 0, NULL),
(36115, 2, '2018-10-25 05:38:23', 1, NULL),
(36116, 2, '2018-10-25 05:38:26', 0, NULL),
(36117, 6, '2018-10-25 05:38:26', 1, NULL),
(36118, 6, '2018-10-25 05:38:28', 0, NULL),
(36119, 2, '2018-10-25 05:38:32', 1, NULL),
(36120, 2, '2018-10-25 05:38:35', 0, NULL),
(36121, 6, '2018-10-25 05:38:35', 1, NULL),
(36122, 6, '2018-10-25 05:38:38', 0, NULL),
(36123, 2, '2018-10-25 05:38:40', 1, NULL),
(36124, 2, '2018-10-25 05:38:42', 0, NULL),
(36125, 6, '2018-10-25 05:38:43', 1, NULL),
(36126, 6, '2018-10-25 05:38:45', 0, NULL),
(36127, 2, '2018-10-25 05:38:49', 1, NULL),
(36128, 2, '2018-10-25 05:38:51', 0, NULL),
(36129, 6, '2018-10-25 05:38:51', 1, NULL),
(36130, 6, '2018-10-25 05:38:54', 0, NULL),
(36131, 2, '2018-10-25 05:38:58', 1, NULL),
(36132, 2, '2018-10-25 05:38:59', 0, NULL),
(36133, 6, '2018-10-25 05:39:01', 1, NULL),
(36134, 6, '2018-10-25 05:39:03', 0, NULL),
(36135, 2, '2018-10-25 05:39:05', 1, NULL),
(36136, 2, '2018-10-25 05:39:07', 0, NULL),
(36137, 6, '2018-10-25 05:39:26', 1, NULL),
(36138, 6, '2018-10-25 05:39:27', 0, NULL),
(36139, 6, '2018-10-25 05:39:33', 1, NULL),
(36140, 6, '2018-10-25 05:39:36', 0, NULL),
(36141, 6, '2018-10-25 05:39:41', 1, NULL),
(36142, 6, '2018-10-25 05:39:43', 0, NULL),
(36143, 6, '2018-10-25 05:39:50', 1, NULL),
(36144, 6, '2018-10-25 05:39:53', 0, NULL),
(36145, 6, '2018-10-25 05:40:33', 1, NULL),
(36146, 6, '2018-10-25 05:40:34', 0, NULL),
(36147, 6, '2018-10-25 05:40:54', 1, NULL),
(36148, 6, '2018-10-25 05:40:56', 0, NULL),
(36149, 6, '2018-10-25 05:41:02', 1, NULL),
(36150, 6, '2018-10-25 05:41:04', 0, NULL),
(36151, 6, '2018-10-25 05:43:20', 1, NULL),
(36152, 6, '2018-10-25 05:43:22', 0, NULL),
(36153, 6, '2018-10-25 05:43:55', 1, NULL),
(36154, 6, '2018-10-25 05:43:57', 0, NULL),
(36155, 6, '2018-10-25 05:44:16', 1, NULL),
(36156, 6, '2018-10-25 05:44:20', 0, NULL),
(36157, 6, '2018-10-25 05:46:13', 1, NULL),
(36158, 6, '2018-10-25 05:46:16', 0, NULL),
(36159, 6, '2018-10-25 05:46:28', 1, NULL),
(36160, 6, '2018-10-25 05:46:31', 0, NULL),
(36161, 6, '2018-10-25 05:46:44', 1, NULL),
(36162, 6, '2018-10-25 05:46:46', 0, NULL),
(36163, 6, '2018-10-25 05:46:57', 1, NULL),
(36164, 6, '2018-10-25 05:46:59', 0, NULL),
(36165, 6, '2018-10-25 05:47:06', 1, NULL),
(36166, 6, '2018-10-25 05:47:09', 0, NULL),
(36167, 6, '2018-10-25 05:47:17', 1, NULL),
(36168, 6, '2018-10-25 05:47:20', 0, NULL),
(36169, 6, '2018-10-25 05:47:28', 1, NULL),
(36170, 6, '2018-10-25 05:47:30', 0, NULL),
(36171, 6, '2018-10-25 05:47:37', 1, NULL),
(36172, 6, '2018-10-25 05:47:39', 0, NULL),
(36173, 2, '2018-10-25 05:47:44', 1, NULL),
(36174, 6, '2018-10-25 05:47:46', 1, NULL),
(36175, 2, '2018-10-25 05:47:47', 0, NULL),
(36176, 6, '2018-10-25 05:47:48', 0, NULL),
(36177, 2, '2018-10-25 05:47:55', 1, NULL),
(36178, 2, '2018-10-25 05:47:56', 0, NULL),
(36179, 6, '2018-10-25 05:47:56', 0, NULL),
(36180, 2, '2018-10-25 05:48:00', 1, NULL),
(36181, 6, '2018-10-25 05:48:02', 1, NULL),
(36182, 2, '2018-10-25 05:48:03', 0, NULL),
(36183, 6, '2018-10-25 05:48:05', 0, NULL),
(36184, 2, '2018-10-25 05:48:09', 1, NULL),
(36185, 2, '2018-10-25 05:48:11', 0, NULL),
(36186, 6, '2018-10-25 05:48:12', 1, NULL),
(36187, 6, '2018-10-25 05:48:13', 0, NULL),
(36188, 2, '2018-10-25 05:48:18', 1, NULL),
(36189, 6, '2018-10-25 05:48:20', 1, NULL),
(36190, 2, '2018-10-25 05:48:20', 0, NULL),
(36191, 6, '2018-10-25 05:48:23', 0, NULL),
(36192, 2, '2018-10-25 05:49:14', 1, NULL),
(36193, 2, '2018-10-25 05:49:17', 0, NULL),
(36194, 2, '2018-10-25 05:49:22', 1, NULL),
(36195, 2, '2018-10-25 05:49:24', 0, NULL),
(36196, 2, '2018-10-25 05:49:30', 1, NULL),
(36197, 2, '2018-10-25 05:49:32', 0, NULL),
(36198, 6, '2018-10-25 05:49:50', 1, NULL),
(36199, 6, '2018-10-25 05:49:52', 0, NULL),
(36200, 6, '2018-10-25 05:50:00', 1, NULL),
(36201, 6, '2018-10-25 05:50:03', 0, NULL),
(36202, 2, '2018-10-25 05:50:16', 1, NULL),
(36203, 2, '2018-10-25 05:50:18', 0, NULL),
(36204, 2, '2018-10-25 05:50:24', 1, NULL),
(36205, 2, '2018-10-25 05:50:27', 0, NULL),
(36206, 6, '2018-10-25 05:50:43', 1, NULL),
(36207, 6, '2018-10-25 05:50:46', 0, NULL),
(36208, 6, '2018-10-25 05:51:03', 1, NULL),
(36209, 6, '2018-10-25 05:51:05', 0, NULL),
(36210, 2, '2018-10-25 05:51:11', 1, NULL),
(36211, 6, '2018-10-25 05:51:12', 1, NULL),
(36212, 2, '2018-10-25 05:51:12', 0, NULL),
(36213, 6, '2018-10-25 05:51:14', 0, NULL),
(36214, 2, '2018-10-25 05:51:18', 1, NULL),
(36215, 2, '2018-10-25 05:51:20', 0, NULL),
(36216, 6, '2018-10-25 05:51:22', 1, NULL),
(36217, 6, '2018-10-25 05:51:24', 0, NULL),
(36218, 2, '2018-10-25 05:51:25', 1, NULL),
(36219, 2, '2018-10-25 05:51:30', 0, NULL),
(36220, 6, '2018-10-25 05:51:31', 1, NULL),
(36221, 6, '2018-10-25 05:51:36', 0, NULL),
(36222, 2, '2018-10-25 05:51:42', 1, NULL),
(36223, 6, '2018-10-25 05:51:42', 1, NULL),
(36224, 6, '2018-10-25 05:51:45', 0, NULL),
(36225, 2, '2018-10-25 05:51:45', 0, NULL),
(36226, 2, '2018-10-25 05:51:53', 1, NULL),
(36227, 2, '2018-10-25 05:51:54', 0, NULL),
(36228, 6, '2018-10-25 05:51:54', 1, NULL),
(36229, 6, '2018-10-25 05:51:56', 0, NULL),
(36230, 2, '2018-10-25 05:52:04', 1, NULL),
(36231, 2, '2018-10-25 05:52:07', 0, NULL),
(36232, 6, '2018-10-25 05:52:08', 1, NULL),
(36233, 6, '2018-10-25 05:52:10', 0, NULL),
(36234, 2, '2018-10-25 05:52:19', 1, NULL),
(36235, 2, '2018-10-25 05:52:22', 0, NULL),
(36236, 6, '2018-10-25 05:52:51', 1, NULL),
(36237, 6, '2018-10-25 05:52:53', 0, NULL),
(36238, 6, '2018-10-25 05:52:59', 1, NULL),
(36239, 6, '2018-10-25 05:53:00', 0, NULL),
(36240, 6, '2018-10-25 05:53:07', 1, NULL),
(36241, 6, '2018-10-25 05:53:08', 0, NULL),
(36242, 6, '2018-10-25 05:53:15', 1, NULL),
(36243, 6, '2018-10-25 05:53:18', 0, NULL),
(36244, 6, '2018-10-25 05:53:25', 1, NULL),
(36245, 6, '2018-10-25 05:53:27', 0, NULL),
(36246, 6, '2018-10-25 05:53:32', 1, NULL),
(36247, 6, '2018-10-25 05:53:35', 0, NULL),
(36248, 6, '2018-10-25 05:53:43', 1, NULL),
(36249, 6, '2018-10-25 05:53:45', 0, NULL),
(36250, 6, '2018-10-25 05:53:53', 1, NULL),
(36251, 6, '2018-10-25 05:53:55', 0, NULL),
(36252, 6, '2018-10-25 05:54:01', 1, NULL),
(36253, 6, '2018-10-25 05:54:04', 0, NULL),
(36254, 6, '2018-10-25 05:54:10', 1, NULL),
(36255, 6, '2018-10-25 05:54:12', 0, NULL),
(36256, 6, '2018-10-25 05:54:19', 1, NULL),
(36257, 6, '2018-10-25 05:54:21', 0, NULL),
(36258, 6, '2018-10-25 05:54:28', 1, NULL),
(36259, 6, '2018-10-25 05:54:31', 0, NULL),
(36260, 6, '2018-10-25 05:54:44', 1, NULL),
(36261, 6, '2018-10-25 05:54:46', 0, NULL),
(36262, 6, '2018-10-25 05:54:52', 1, NULL),
(36263, 6, '2018-10-25 05:54:55', 0, NULL),
(36264, 6, '2018-10-25 05:55:00', 1, NULL),
(36265, 6, '2018-10-25 05:55:03', 0, NULL),
(36266, 6, '2018-10-25 05:55:15', 1, NULL),
(36267, 6, '2018-10-25 05:55:17', 0, NULL),
(36268, 6, '2018-10-25 05:55:28', 1, NULL),
(36269, 6, '2018-10-25 05:55:29', 0, NULL),
(36270, 6, '2018-10-25 05:55:34', 1, NULL),
(36271, 6, '2018-10-25 05:55:37', 0, NULL),
(36272, 6, '2018-10-25 05:55:43', 1, NULL),
(36273, 6, '2018-10-25 05:55:45', 0, NULL),
(36274, 6, '2018-10-25 05:55:51', 1, NULL),
(36275, 6, '2018-10-25 05:55:53', 0, NULL),
(36276, 6, '2018-10-25 05:55:59', 1, NULL),
(36277, 6, '2018-10-25 05:56:02', 0, NULL),
(36278, 6, '2018-10-25 05:56:09', 1, NULL),
(36279, 6, '2018-10-25 05:56:11', 0, NULL),
(36280, 6, '2018-10-25 05:56:17', 1, NULL),
(36281, 6, '2018-10-25 05:56:20', 0, NULL),
(36282, 6, '2018-10-25 05:56:26', 1, NULL),
(36283, 6, '2018-10-25 05:56:28', 0, NULL),
(36284, 6, '2018-10-25 05:56:45', 1, NULL),
(36285, 6, '2018-10-25 05:56:48', 0, NULL),
(36286, 6, '2018-10-25 05:56:53', 1, NULL),
(36287, 6, '2018-10-25 05:56:56', 0, NULL),
(36288, 6, '2018-10-25 05:57:01', 1, NULL),
(36289, 6, '2018-10-25 05:57:03', 0, NULL),
(36290, 6, '2018-10-25 05:57:09', 1, NULL),
(36291, 6, '2018-10-25 05:57:11', 0, NULL),
(36292, 6, '2018-10-25 05:57:19', 1, NULL),
(36293, 6, '2018-10-25 05:57:21', 0, NULL),
(36294, 2, '2018-10-25 05:57:40', 1, NULL),
(36295, 2, '2018-10-25 05:57:42', 0, NULL),
(36296, 2, '2018-10-25 05:57:50', 1, NULL),
(36297, 2, '2018-10-25 05:57:53', 0, NULL),
(36298, 6, '2018-10-25 05:57:54', 1, NULL),
(36299, 6, '2018-10-25 05:57:57', 0, NULL),
(36300, 2, '2018-10-25 05:58:02', 1, NULL),
(36301, 2, '2018-10-25 05:58:05', 0, NULL),
(36302, 2, '2018-10-25 05:58:12', 1, NULL),
(36303, 2, '2018-10-25 05:58:14', 0, NULL),
(36304, 2, '2018-10-25 05:58:20', 1, NULL),
(36305, 2, '2018-10-25 05:58:23', 0, NULL),
(36306, 2, '2018-10-25 05:58:28', 1, NULL),
(36307, 2, '2018-10-25 05:58:30', 0, NULL),
(36308, 6, '2018-10-25 05:58:46', 1, NULL),
(36309, 6, '2018-10-25 05:58:49', 0, NULL),
(36310, 2, '2018-10-25 05:59:25', 1, NULL),
(36311, 2, '2018-10-25 05:59:27', 0, NULL),
(36312, 2, '2018-10-25 05:59:32', 1, NULL),
(36313, 2, '2018-10-25 05:59:34', 0, NULL),
(36314, 6, '2018-10-25 05:59:55', 1, NULL),
(36315, 6, '2018-10-25 05:59:57', 0, NULL),
(36316, 6, '2018-10-25 06:01:06', 1, NULL),
(36317, 6, '2018-10-25 06:01:09', 0, NULL),
(36318, 6, '2018-10-25 06:01:41', 1, NULL),
(36319, 6, '2018-10-25 06:01:44', 0, NULL),
(36320, 6, '2018-10-25 06:01:50', 1, NULL),
(36321, 6, '2018-10-25 06:01:52', 0, NULL),
(36322, 6, '2018-10-25 06:02:01', 1, NULL),
(36323, 6, '2018-10-25 06:02:02', 0, NULL),
(36324, 6, '2018-10-25 06:02:08', 1, NULL),
(36325, 6, '2018-10-25 06:02:11', 0, NULL),
(36326, 6, '2018-10-25 06:02:16', 1, NULL),
(36327, 6, '2018-10-25 06:02:19', 0, NULL),
(36328, 6, '2018-10-25 06:02:25', 1, NULL),
(36329, 6, '2018-10-25 06:02:27', 0, NULL),
(36330, 6, '2018-10-25 06:02:33', 1, NULL),
(36331, 6, '2018-10-25 06:02:36', 0, NULL),
(36332, 6, '2018-10-25 06:02:46', 1, NULL),
(36333, 6, '2018-10-25 06:02:48', 0, NULL),
(36334, 6, '2018-10-25 06:02:57', 1, NULL),
(36335, 6, '2018-10-25 06:02:58', 0, NULL),
(36336, 6, '2018-10-25 06:03:05', 1, NULL),
(36337, 6, '2018-10-25 06:03:07', 0, NULL),
(36338, 6, '2018-10-25 06:03:18', 1, NULL),
(36339, 6, '2018-10-25 06:03:20', 0, NULL),
(36340, 6, '2018-10-25 06:03:28', 1, NULL),
(36341, 6, '2018-10-25 06:03:29', 0, NULL),
(36342, 6, '2018-10-25 06:03:37', 1, NULL),
(36343, 6, '2018-10-25 06:03:40', 0, NULL),
(36344, 6, '2018-10-25 06:03:59', 1, NULL),
(36345, 6, '2018-10-25 06:04:01', 0, NULL),
(36346, 6, '2018-10-25 06:04:09', 1, NULL),
(36347, 6, '2018-10-25 06:04:11', 0, NULL),
(36348, 6, '2018-10-25 06:04:17', 1, NULL),
(36349, 6, '2018-10-25 06:04:20', 0, NULL),
(36350, 6, '2018-10-25 06:04:26', 1, NULL),
(36351, 6, '2018-10-25 06:04:28', 0, NULL),
(36352, 6, '2018-10-25 06:04:34', 1, NULL),
(36353, 6, '2018-10-25 06:04:36', 0, NULL),
(36354, 6, '2018-10-25 06:04:42', 1, NULL),
(36355, 6, '2018-10-25 06:04:44', 0, NULL),
(36356, 6, '2018-10-25 06:04:50', 1, NULL),
(36357, 6, '2018-10-25 06:04:53', 0, NULL),
(36358, 6, '2018-10-25 06:05:00', 1, NULL),
(36359, 6, '2018-10-25 06:05:03', 0, NULL),
(36360, 6, '2018-10-25 06:05:08', 1, NULL),
(36361, 6, '2018-10-25 06:05:11', 0, NULL),
(36362, 6, '2018-10-25 06:05:19', 1, NULL);
INSERT INTO `Sensor_Activity` (`Sensor_Activity_ID`, `Sensor_ID`, `Date`, `Value`, `Mail_Sended_ID`) VALUES
(36363, 6, '2018-10-25 06:05:21', 0, NULL),
(36364, 6, '2018-10-25 06:05:28', 1, NULL),
(36365, 6, '2018-10-25 06:05:30', 0, NULL),
(36366, 6, '2018-10-25 06:05:38', 1, NULL),
(36367, 6, '2018-10-25 06:05:40', 0, NULL),
(36368, 6, '2018-10-25 06:05:47', 1, NULL),
(36369, 6, '2018-10-25 06:05:49', 0, NULL),
(36370, 6, '2018-10-25 06:05:56', 1, NULL),
(36371, 6, '2018-10-25 06:05:59', 0, NULL),
(36372, 6, '2018-10-25 06:06:05', 1, NULL),
(36373, 6, '2018-10-25 06:06:08', 0, NULL),
(36374, 6, '2018-10-25 06:06:15', 1, NULL),
(36375, 6, '2018-10-25 06:06:17', 0, NULL),
(36376, 6, '2018-10-25 06:06:25', 1, NULL),
(36377, 6, '2018-10-25 06:06:27', 0, NULL),
(36378, 6, '2018-10-25 06:06:41', 1, NULL),
(36379, 6, '2018-10-25 06:06:43', 0, NULL),
(36380, 6, '2018-10-25 06:06:50', 1, NULL),
(36381, 6, '2018-10-25 06:06:52', 0, NULL),
(36382, 6, '2018-10-25 06:07:01', 1, NULL),
(36383, 6, '2018-10-25 06:07:03', 0, NULL),
(36384, 6, '2018-10-25 06:07:09', 1, NULL),
(36385, 6, '2018-10-25 06:07:11', 0, NULL),
(36386, 6, '2018-10-25 06:07:17', 1, NULL),
(36387, 6, '2018-10-25 06:07:19', 0, NULL),
(36388, 6, '2018-10-25 06:07:27', 1, NULL),
(36389, 6, '2018-10-25 06:07:28', 0, NULL),
(36390, 2, '2018-10-25 06:07:34', 1, NULL),
(36391, 2, '2018-10-25 06:07:37', 0, NULL),
(36392, 2, '2018-10-25 06:07:42', 1, NULL),
(36393, 2, '2018-10-25 06:07:45', 0, NULL),
(36394, 2, '2018-10-25 06:07:52', 1, NULL),
(36395, 2, '2018-10-25 06:07:54', 0, NULL),
(36396, 2, '2018-10-25 06:07:59', 1, NULL),
(36397, 2, '2018-10-25 06:08:01', 0, NULL),
(36398, 2, '2018-10-25 06:08:06', 1, NULL),
(36399, 2, '2018-10-25 06:08:10', 0, NULL),
(36400, 2, '2018-10-25 06:08:14', 1, NULL),
(36401, 2, '2018-10-25 06:08:17', 0, NULL),
(36402, 2, '2018-10-25 06:08:23', 1, NULL),
(36403, 2, '2018-10-25 06:08:24', 0, NULL),
(36404, 2, '2018-10-25 06:08:29', 1, NULL),
(36405, 2, '2018-10-25 06:08:33', 0, NULL),
(36406, 2, '2018-10-25 06:08:38', 1, NULL),
(36407, 2, '2018-10-25 06:08:42', 0, NULL),
(36408, 2, '2018-10-25 06:08:47', 1, NULL),
(36409, 2, '2018-10-25 06:08:50', 0, NULL),
(36410, 2, '2018-10-25 06:08:55', 1, NULL),
(36411, 2, '2018-10-25 06:08:58', 0, NULL),
(36412, 2, '2018-10-25 06:09:03', 1, NULL),
(36413, 2, '2018-10-25 06:09:06', 0, NULL),
(36414, 2, '2018-10-25 06:09:12', 1, NULL),
(36415, 2, '2018-10-25 06:09:14', 0, NULL),
(36416, 2, '2018-10-25 06:09:19', 1, NULL),
(36417, 2, '2018-10-25 06:09:21', 0, NULL),
(36418, 6, '2018-10-25 06:09:24', 1, NULL),
(36419, 6, '2018-10-25 06:09:26', 0, NULL),
(36420, 2, '2018-10-25 06:09:28', 1, NULL),
(36421, 2, '2018-10-25 06:09:30', 0, NULL),
(36422, 6, '2018-10-25 06:09:34', 1, NULL),
(36423, 2, '2018-10-25 06:09:36', 1, NULL),
(36424, 6, '2018-10-25 06:09:37', 0, NULL),
(36425, 2, '2018-10-25 06:09:38', 0, NULL),
(36426, 6, '2018-10-25 06:09:42', 1, NULL),
(36427, 2, '2018-10-25 06:09:44', 1, NULL),
(36428, 6, '2018-10-25 06:09:45', 0, NULL),
(36429, 2, '2018-10-25 06:09:46', 0, NULL),
(36430, 6, '2018-10-25 06:09:51', 1, NULL),
(36431, 6, '2018-10-25 06:09:53', 0, NULL),
(36432, 2, '2018-10-25 06:09:53', 1, NULL),
(36433, 2, '2018-10-25 06:09:56', 0, NULL),
(36434, 6, '2018-10-25 06:10:04', 1, NULL),
(36435, 6, '2018-10-25 06:10:06', 0, NULL),
(36436, 6, '2018-10-25 06:10:14', 1, NULL),
(36437, 6, '2018-10-25 06:10:16', 0, NULL),
(36438, 6, '2018-10-25 06:10:22', 1, NULL),
(36439, 6, '2018-10-25 06:10:23', 0, NULL),
(36440, 6, '2018-10-25 06:11:45', 1, NULL),
(36441, 6, '2018-10-25 06:11:47', 0, NULL),
(36442, 2, '2018-10-25 06:11:48', 1, NULL),
(36443, 2, '2018-10-25 06:11:50', 0, NULL),
(36444, 2, '2018-10-25 06:11:56', 1, NULL),
(36445, 6, '2018-10-25 06:11:57', 1, NULL),
(36446, 2, '2018-10-25 06:11:59', 0, NULL),
(36447, 6, '2018-10-25 06:11:59', 0, NULL),
(36448, 6, '2018-10-25 06:12:05', 1, NULL),
(36449, 2, '2018-10-25 06:12:06', 1, NULL),
(36450, 6, '2018-10-25 06:12:08', 0, NULL),
(36451, 2, '2018-10-25 06:12:08', 0, NULL),
(36452, 2, '2018-10-25 06:12:13', 1, NULL),
(36453, 2, '2018-10-25 06:12:16', 0, NULL),
(36454, 6, '2018-10-25 06:12:16', 1, NULL),
(36455, 6, '2018-10-25 06:12:18', 0, NULL),
(36456, 2, '2018-10-25 06:12:21', 1, NULL),
(36457, 2, '2018-10-25 06:12:23', 0, NULL),
(36458, 6, '2018-10-25 06:12:25', 1, NULL),
(36459, 6, '2018-10-25 06:12:27', 0, NULL),
(36460, 2, '2018-10-25 06:12:28', 1, NULL),
(36461, 2, '2018-10-25 06:12:30', 0, NULL),
(36462, 6, '2018-10-25 06:12:34', 1, NULL),
(36463, 6, '2018-10-25 06:12:36', 0, NULL),
(36464, 2, '2018-10-25 06:12:36', 1, NULL),
(36465, 2, '2018-10-25 06:12:39', 0, NULL),
(36466, 6, '2018-10-25 06:12:42', 1, NULL),
(36467, 2, '2018-10-25 06:12:44', 1, NULL),
(36468, 6, '2018-10-25 06:12:45', 0, NULL),
(36469, 2, '2018-10-25 06:12:47', 0, NULL),
(36470, 6, '2018-10-25 06:12:51', 1, NULL),
(36471, 2, '2018-10-25 06:12:52', 1, NULL),
(36472, 6, '2018-10-25 06:12:53', 0, NULL),
(36473, 2, '2018-10-25 06:12:54', 0, NULL),
(36474, 2, '2018-10-25 06:13:00', 1, NULL),
(36475, 2, '2018-10-25 06:13:03', 0, NULL),
(36476, 6, '2018-10-25 06:13:08', 1, NULL),
(36477, 2, '2018-10-25 06:13:09', 1, NULL),
(36478, 6, '2018-10-25 06:13:09', 0, NULL),
(36479, 2, '2018-10-25 06:13:11', 0, NULL),
(36480, 6, '2018-10-25 06:13:16', 1, NULL),
(36481, 2, '2018-10-25 06:13:18', 1, NULL),
(36482, 6, '2018-10-25 06:13:18', 0, NULL),
(36483, 2, '2018-10-25 06:13:20', 0, NULL),
(36484, 2, '2018-10-25 06:13:27', 1, NULL),
(36485, 2, '2018-10-25 06:13:29', 0, NULL),
(36486, 6, '2018-10-25 06:13:34', 1, NULL),
(36487, 2, '2018-10-25 06:13:35', 1, NULL),
(36488, 6, '2018-10-25 06:13:36', 0, NULL),
(36489, 2, '2018-10-25 06:13:37', 0, NULL),
(36490, 6, '2018-10-25 06:13:42', 1, NULL),
(36491, 6, '2018-10-25 06:13:44', 0, NULL),
(36492, 6, '2018-10-25 06:14:08', 1, NULL),
(36493, 6, '2018-10-25 06:14:11', 0, NULL),
(36494, 6, '2018-10-25 06:14:44', 1, NULL),
(36495, 6, '2018-10-25 06:14:46', 0, NULL),
(36496, 6, '2018-10-25 06:14:52', 1, NULL),
(36497, 6, '2018-10-25 06:14:54', 0, NULL),
(36498, 6, '2018-10-25 06:15:00', 1, NULL),
(36499, 6, '2018-10-25 06:15:02', 0, NULL),
(36500, 6, '2018-10-25 06:15:24', 1, NULL),
(36501, 6, '2018-10-25 06:15:27', 0, NULL),
(36502, 6, '2018-10-25 06:15:58', 1, NULL),
(36503, 6, '2018-10-25 06:15:59', 0, NULL),
(36504, 6, '2018-10-25 06:16:13', 1, NULL),
(36505, 6, '2018-10-25 06:16:16', 0, NULL),
(36506, 6, '2018-10-25 06:16:21', 1, NULL),
(36507, 6, '2018-10-25 06:16:24', 0, NULL),
(36508, 6, '2018-10-25 06:16:31', 1, NULL),
(36509, 6, '2018-10-25 06:16:36', 0, NULL),
(36510, 6, '2018-10-25 06:16:38', 1, NULL),
(36511, 6, '2018-10-25 06:16:41', 0, NULL),
(36512, 6, '2018-10-25 06:16:47', 1, NULL),
(36513, 6, '2018-10-25 06:16:50', 0, NULL),
(36514, 6, '2018-10-25 06:16:57', 1, NULL),
(36515, 6, '2018-10-25 06:16:59', 0, NULL),
(36516, 6, '2018-10-25 06:17:07', 1, NULL),
(36517, 6, '2018-10-25 06:17:10', 0, NULL),
(36518, 6, '2018-10-25 06:17:15', 1, NULL),
(36519, 6, '2018-10-25 06:17:18', 0, NULL),
(36520, 6, '2018-10-25 06:17:24', 1, NULL),
(36521, 6, '2018-10-25 06:17:26', 0, NULL),
(36522, 6, '2018-10-25 06:17:33', 1, NULL),
(36523, 6, '2018-10-25 06:17:36', 0, NULL),
(36524, 6, '2018-10-25 06:17:41', 1, NULL),
(36525, 6, '2018-10-25 06:17:43', 0, NULL),
(36526, 6, '2018-10-25 06:17:49', 1, NULL),
(36527, 6, '2018-10-25 06:17:51', 0, NULL),
(36528, 6, '2018-10-25 06:17:57', 1, NULL),
(36529, 6, '2018-10-25 06:17:59', 0, NULL),
(36530, 6, '2018-10-25 06:18:07', 1, NULL),
(36531, 6, '2018-10-25 06:18:09', 0, NULL),
(36532, 6, '2018-10-25 06:18:16', 1, NULL),
(36533, 6, '2018-10-25 06:18:19', 0, NULL),
(36534, 2, '2018-10-25 06:18:21', 1, NULL),
(36535, 2, '2018-10-25 06:18:23', 0, NULL),
(36536, 6, '2018-10-25 06:18:25', 1, NULL),
(36537, 6, '2018-10-25 06:18:27', 0, NULL),
(36538, 2, '2018-10-25 06:18:29', 1, NULL),
(36539, 2, '2018-10-25 06:18:31', 0, NULL),
(36540, 6, '2018-10-25 06:18:33', 1, NULL),
(36541, 6, '2018-10-25 06:18:35', 0, NULL),
(36542, 6, '2018-10-25 06:18:41', 1, NULL),
(36543, 6, '2018-10-25 06:18:43', 0, NULL),
(36544, 6, '2018-10-25 06:18:48', 1, NULL),
(36545, 6, '2018-10-25 06:18:51', 0, NULL),
(36546, 6, '2018-10-25 06:18:57', 1, NULL),
(36547, 6, '2018-10-25 06:18:59', 0, NULL),
(36548, 6, '2018-10-25 06:19:05', 1, NULL),
(36549, 6, '2018-10-25 06:19:08', 0, NULL),
(36550, 6, '2018-10-25 06:19:15', 1, NULL),
(36551, 6, '2018-10-25 06:19:17', 0, NULL),
(36552, 6, '2018-10-25 06:19:30', 1, NULL),
(36553, 6, '2018-10-25 06:19:32', 0, NULL),
(36554, 6, '2018-10-25 06:19:38', 1, NULL),
(36555, 6, '2018-10-25 06:19:40', 0, NULL),
(36556, 6, '2018-10-25 06:19:46', 1, NULL),
(36557, 6, '2018-10-25 06:19:48', 0, NULL),
(36558, 6, '2018-10-25 06:19:55', 1, NULL),
(36559, 6, '2018-10-25 06:19:56', 0, NULL),
(36560, 6, '2018-10-25 06:20:01', 1, NULL),
(36561, 6, '2018-10-25 06:20:04', 0, NULL),
(36562, 6, '2018-10-25 06:20:09', 1, NULL),
(36563, 6, '2018-10-25 06:20:12', 0, NULL),
(36564, 6, '2018-10-25 06:20:17', 1, NULL),
(36565, 6, '2018-10-25 06:20:20', 0, NULL),
(36566, 6, '2018-10-25 06:20:28', 1, NULL),
(36567, 6, '2018-10-25 06:20:30', 0, NULL),
(36568, 6, '2018-10-25 06:20:34', 1, NULL),
(36569, 6, '2018-10-25 06:20:36', 0, NULL),
(36570, 6, '2018-10-25 06:20:42', 1, NULL),
(36571, 6, '2018-10-25 06:20:45', 0, NULL),
(36572, 6, '2018-10-25 06:20:55', 1, NULL),
(36573, 6, '2018-10-25 06:20:57', 0, NULL),
(36574, 2, '2018-10-25 06:21:02', 1, NULL),
(36575, 6, '2018-10-25 06:21:02', 1, NULL),
(36576, 2, '2018-10-25 06:21:04', 0, NULL),
(36577, 6, '2018-10-25 06:21:05', 0, NULL),
(36578, 6, '2018-10-25 06:21:14', 1, NULL),
(36579, 6, '2018-10-25 06:21:16', 0, NULL),
(36580, 6, '2018-10-25 06:21:24', 1, NULL),
(36581, 6, '2018-10-25 06:21:26', 0, NULL),
(36582, 6, '2018-10-25 06:21:42', 1, NULL),
(36583, 6, '2018-10-25 06:21:44', 0, NULL),
(36584, 6, '2018-10-25 06:21:50', 1, NULL),
(36585, 2, '2018-10-25 06:21:52', 1, NULL),
(36586, 6, '2018-10-25 06:21:52', 0, NULL),
(36587, 2, '2018-10-25 06:21:55', 0, NULL),
(36588, 6, '2018-10-25 06:22:00', 1, NULL),
(36589, 2, '2018-10-25 06:22:02', 1, NULL),
(36590, 6, '2018-10-25 06:22:02', 0, NULL),
(36591, 2, '2018-10-25 06:22:03', 0, NULL),
(36592, 1, '2018-10-25 06:22:08', 1, NULL),
(36593, 6, '2018-10-25 06:22:09', 1, NULL),
(36594, 1, '2018-10-25 06:22:11', 0, NULL),
(36595, 2, '2018-10-25 06:22:11', 1, NULL),
(36596, 6, '2018-10-25 06:22:12', 0, NULL),
(36597, 2, '2018-10-25 06:22:14', 0, NULL),
(36598, 6, '2018-10-25 06:22:18', 1, NULL),
(36599, 2, '2018-10-25 06:22:19', 1, NULL),
(36600, 6, '2018-10-25 06:22:21', 0, NULL),
(36601, 2, '2018-10-25 06:22:22', 0, NULL),
(36602, 6, '2018-10-25 06:22:31', 1, NULL),
(36603, 6, '2018-10-25 06:22:33', 0, NULL),
(36604, 6, '2018-10-25 06:22:38', 1, NULL),
(36605, 6, '2018-10-25 06:22:40', 0, NULL),
(36606, 6, '2018-10-25 06:22:45', 1, NULL),
(36607, 6, '2018-10-25 06:22:48', 0, NULL),
(36608, 6, '2018-10-25 06:23:16', 1, NULL),
(36609, 6, '2018-10-25 06:23:18', 0, NULL),
(36610, 6, '2018-10-25 06:23:28', 1, NULL),
(36611, 6, '2018-10-25 06:23:30', 0, NULL),
(36612, 6, '2018-10-25 06:24:26', 1, NULL),
(36613, 6, '2018-10-25 06:24:28', 0, NULL),
(36614, 6, '2018-10-25 06:24:57', 1, NULL),
(36615, 6, '2018-10-25 06:25:00', 0, NULL),
(36616, 6, '2018-10-25 06:25:07', 1, NULL),
(36617, 6, '2018-10-25 06:25:10', 0, NULL),
(36618, 1, '2018-10-25 06:25:13', 1, NULL),
(36619, 1, '2018-10-25 06:25:15', 0, NULL),
(36620, 6, '2018-10-25 06:25:16', 1, NULL),
(36621, 6, '2018-10-25 06:25:18', 0, NULL),
(36622, 1, '2018-10-25 06:25:21', 1, NULL),
(36623, 1, '2018-10-25 06:25:23', 0, NULL),
(36624, 1, '2018-10-25 06:25:29', 1, NULL),
(36625, 2, '2018-10-25 06:25:30', 1, NULL),
(36626, 1, '2018-10-25 06:25:31', 0, NULL),
(36627, 2, '2018-10-25 06:25:32', 0, NULL),
(36628, 1, '2018-10-25 06:25:38', 1, NULL),
(36629, 2, '2018-10-25 06:25:38', 1, NULL),
(36630, 1, '2018-10-25 06:25:40', 0, NULL),
(36631, 2, '2018-10-25 06:25:41', 0, NULL),
(36632, 2, '2018-10-25 06:25:46', 1, NULL),
(36633, 2, '2018-10-25 06:25:49', 0, NULL),
(36634, 2, '2018-10-25 06:25:55', 1, NULL),
(36635, 6, '2018-10-25 06:25:57', 1, NULL),
(36636, 2, '2018-10-25 06:25:58', 0, NULL),
(36637, 6, '2018-10-25 06:25:59', 0, NULL),
(36638, 6, '2018-10-25 06:26:06', 1, NULL),
(36639, 1, '2018-10-25 06:26:07', 1, NULL),
(36640, 6, '2018-10-25 06:26:08', 0, NULL),
(36641, 1, '2018-10-25 06:26:10', 0, NULL),
(36642, 6, '2018-10-25 06:26:15', 1, NULL),
(36643, 1, '2018-10-25 06:26:16', 1, NULL),
(36644, 6, '2018-10-25 06:26:17', 0, NULL),
(36645, 1, '2018-10-25 06:26:19', 0, NULL),
(36646, 6, '2018-10-25 06:26:23', 1, NULL),
(36647, 6, '2018-10-25 06:26:25', 0, NULL),
(36648, 6, '2018-10-25 06:26:43', 1, NULL),
(36649, 6, '2018-10-25 06:26:46', 0, NULL),
(36650, 6, '2018-10-25 06:26:53', 1, NULL),
(36651, 6, '2018-10-25 06:26:55', 0, NULL),
(36652, 6, '2018-10-25 06:27:00', 1, NULL),
(36653, 6, '2018-10-25 06:27:03', 0, NULL),
(36654, 6, '2018-10-25 06:27:11', 1, NULL),
(36655, 1, '2018-10-25 06:27:12', 1, NULL),
(36656, 6, '2018-10-25 06:27:13', 0, NULL),
(36657, 1, '2018-10-25 06:27:14', 0, NULL),
(36658, 1, '2018-10-25 06:27:20', 1, NULL),
(36659, 6, '2018-10-25 06:27:20', 1, NULL),
(36660, 2, '2018-10-25 06:27:21', 1, NULL),
(36661, 1, '2018-10-25 06:27:22', 0, NULL),
(36662, 6, '2018-10-25 06:27:22', 0, NULL),
(36663, 2, '2018-10-25 06:27:23', 0, NULL),
(36664, 2, '2018-10-25 06:27:28', 1, NULL),
(36665, 2, '2018-10-25 06:27:31', 0, NULL),
(36666, 2, '2018-10-25 06:27:36', 1, NULL),
(36667, 6, '2018-10-25 06:27:37', 1, NULL),
(36668, 2, '2018-10-25 06:27:39', 0, NULL),
(36669, 6, '2018-10-25 06:27:39', 0, NULL),
(36670, 6, '2018-10-25 06:27:48', 1, NULL),
(36671, 6, '2018-10-25 06:27:50', 0, NULL),
(36672, 6, '2018-10-25 06:27:58', 1, NULL),
(36673, 6, '2018-10-25 06:28:01', 0, NULL),
(36674, 1, '2018-10-25 06:28:01', 1, NULL),
(36675, 1, '2018-10-25 06:28:02', 0, NULL),
(36676, 6, '2018-10-25 06:28:06', 1, NULL),
(36677, 6, '2018-10-25 06:28:08', 0, NULL),
(36678, 6, '2018-10-25 06:28:15', 1, NULL),
(36679, 6, '2018-10-25 06:28:17', 0, NULL),
(36680, 6, '2018-10-25 06:28:23', 1, NULL),
(36681, 6, '2018-10-25 06:28:25', 0, NULL),
(36682, 1, '2018-10-25 06:28:29', 1, NULL),
(36683, 1, '2018-10-25 06:28:31', 0, NULL),
(36684, 6, '2018-10-25 06:28:31', 1, NULL),
(36685, 6, '2018-10-25 06:28:34', 0, NULL),
(36686, 1, '2018-10-25 06:28:39', 1, NULL),
(36687, 1, '2018-10-25 06:28:42', 0, NULL),
(36688, 1, '2018-10-25 06:28:47', 1, NULL),
(36689, 6, '2018-10-25 06:28:48', 1, NULL),
(36690, 1, '2018-10-25 06:28:49', 0, NULL),
(36691, 6, '2018-10-25 06:28:50', 0, NULL),
(36692, 6, '2018-10-25 06:28:57', 1, NULL),
(36693, 6, '2018-10-25 06:28:59', 0, NULL),
(36694, 6, '2018-10-25 06:29:10', 1, NULL),
(36695, 6, '2018-10-25 06:29:12', 0, NULL),
(36696, 1, '2018-10-25 06:29:17', 1, NULL),
(36697, 1, '2018-10-25 06:29:21', 0, NULL),
(36698, 6, '2018-10-25 06:29:25', 1, NULL),
(36699, 6, '2018-10-25 06:29:28', 0, NULL),
(36700, 1, '2018-10-25 06:29:36', 1, NULL),
(36701, 1, '2018-10-25 06:29:39', 0, NULL),
(36702, 6, '2018-10-25 06:29:50', 1, NULL),
(36703, 6, '2018-10-25 06:29:52', 0, NULL),
(36704, 1, '2018-10-25 06:30:00', 1, NULL),
(36705, 1, '2018-10-25 06:30:02', 0, NULL),
(36706, 1, '2018-10-25 06:30:11', 1, NULL),
(36707, 1, '2018-10-25 06:30:13', 0, NULL),
(36708, 1, '2018-10-25 06:30:56', 1, NULL),
(36709, 1, '2018-10-25 06:30:58', 0, NULL),
(36710, 6, '2018-10-25 06:31:00', 1, NULL),
(36711, 6, '2018-10-25 06:31:02', 0, NULL),
(36712, 6, '2018-10-25 06:31:08', 1, NULL),
(36713, 2, '2018-10-25 06:31:09', 1, NULL),
(36714, 6, '2018-10-25 06:31:10', 0, NULL),
(36715, 2, '2018-10-25 06:31:11', 0, NULL),
(36716, 6, '2018-10-25 06:31:17', 1, NULL),
(36717, 2, '2018-10-25 06:31:17', 1, NULL),
(36718, 6, '2018-10-25 06:31:20', 0, NULL),
(36719, 2, '2018-10-25 06:31:20', 0, NULL),
(36720, 6, '2018-10-25 06:31:25', 1, NULL),
(36721, 2, '2018-10-25 06:31:26', 1, NULL),
(36722, 6, '2018-10-25 06:31:28', 0, NULL),
(36723, 2, '2018-10-25 06:31:28', 0, NULL),
(36724, 2, '2018-10-25 06:31:42', 1, NULL),
(36725, 6, '2018-10-25 06:31:43', 1, NULL),
(36726, 2, '2018-10-25 06:31:45', 0, NULL),
(36727, 1, '2018-10-25 06:31:45', 1, NULL),
(36728, 6, '2018-10-25 06:31:46', 0, NULL),
(36729, 1, '2018-10-25 06:31:47', 0, NULL),
(36730, 2, '2018-10-25 06:31:51', 1, NULL),
(36731, 2, '2018-10-25 06:31:52', 0, NULL),
(36732, 6, '2018-10-25 06:31:52', 1, NULL),
(36733, 6, '2018-10-25 06:31:53', 0, NULL),
(36734, 1, '2018-10-25 06:31:56', 1, NULL),
(36735, 2, '2018-10-25 06:31:58', 1, NULL),
(36736, 1, '2018-10-25 06:31:58', 0, NULL),
(36737, 6, '2018-10-25 06:31:59', 1, NULL),
(36738, 2, '2018-10-25 06:32:00', 0, NULL),
(36739, 6, '2018-10-25 06:32:01', 0, NULL),
(36740, 1, '2018-10-25 06:32:04', 1, NULL),
(36741, 2, '2018-10-25 06:32:06', 1, NULL),
(36742, 1, '2018-10-25 06:32:06', 0, NULL),
(36743, 6, '2018-10-25 06:32:07', 1, NULL),
(36744, 2, '2018-10-25 06:32:08', 0, NULL),
(36745, 6, '2018-10-25 06:32:10', 0, NULL),
(36746, 1, '2018-10-25 06:32:11', 1, NULL),
(36747, 2, '2018-10-25 06:32:14', 1, NULL),
(36748, 1, '2018-10-25 06:32:14', 0, NULL),
(36749, 2, '2018-10-25 06:32:15', 0, NULL),
(36750, 6, '2018-10-25 06:32:16', 1, NULL),
(36751, 6, '2018-10-25 06:32:19', 0, NULL),
(36752, 1, '2018-10-25 06:32:20', 1, NULL),
(36753, 2, '2018-10-25 06:32:21', 1, NULL),
(36754, 1, '2018-10-25 06:32:23', 0, NULL),
(36755, 2, '2018-10-25 06:32:23', 0, NULL),
(36756, 2, '2018-10-25 06:32:28', 1, NULL),
(36757, 6, '2018-10-25 06:32:29', 1, NULL),
(36758, 2, '2018-10-25 06:32:31', 0, NULL),
(36759, 6, '2018-10-25 06:32:31', 0, NULL),
(36760, 1, '2018-10-25 06:32:32', 1, NULL),
(36761, 1, '2018-10-25 06:32:34', 0, NULL),
(36762, 2, '2018-10-25 06:32:35', 1, NULL),
(36763, 6, '2018-10-25 06:32:37', 1, NULL),
(36764, 2, '2018-10-25 06:32:38', 0, NULL),
(36765, 1, '2018-10-25 06:32:40', 1, NULL),
(36766, 6, '2018-10-25 06:32:40', 0, NULL),
(36767, 1, '2018-10-25 06:32:42', 0, NULL),
(36768, 2, '2018-10-25 06:32:44', 1, NULL),
(36769, 6, '2018-10-25 06:32:46', 1, NULL),
(36770, 2, '2018-10-25 06:32:46', 0, NULL),
(36771, 6, '2018-10-25 06:32:49', 0, NULL),
(36772, 6, '2018-10-25 06:32:55', 1, NULL),
(36773, 2, '2018-10-25 06:32:56', 1, NULL),
(36774, 1, '2018-10-25 06:32:57', 1, NULL),
(36775, 6, '2018-10-25 06:32:57', 0, NULL),
(36776, 1, '2018-10-25 06:32:59', 0, NULL),
(36777, 2, '2018-10-25 06:32:59', 0, NULL),
(36778, 6, '2018-10-25 06:33:02', 1, NULL),
(36779, 2, '2018-10-25 06:33:04', 1, NULL),
(36780, 6, '2018-10-25 06:33:05', 0, NULL),
(36781, 1, '2018-10-25 06:33:05', 1, NULL),
(36782, 2, '2018-10-25 06:33:07', 0, NULL),
(36783, 1, '2018-10-25 06:33:08', 0, NULL),
(36784, 6, '2018-10-25 06:33:11', 1, NULL),
(36785, 2, '2018-10-25 06:33:13', 1, NULL),
(36786, 6, '2018-10-25 06:33:13', 0, NULL),
(36787, 1, '2018-10-25 06:33:14', 1, NULL),
(36788, 2, '2018-10-25 06:33:15', 0, NULL),
(36789, 1, '2018-10-25 06:33:17', 0, NULL),
(36790, 6, '2018-10-25 06:33:18', 1, NULL),
(36791, 2, '2018-10-25 06:33:20', 1, NULL),
(36792, 6, '2018-10-25 06:33:21', 0, NULL),
(36793, 2, '2018-10-25 06:33:22', 0, NULL),
(36794, 1, '2018-10-25 06:33:24', 1, NULL),
(36795, 1, '2018-10-25 06:33:26', 0, NULL),
(36796, 2, '2018-10-25 06:33:27', 1, NULL),
(36797, 6, '2018-10-25 06:33:29', 1, NULL),
(36798, 2, '2018-10-25 06:33:30', 0, NULL),
(36799, 6, '2018-10-25 06:33:33', 0, NULL),
(36800, 1, '2018-10-25 06:33:35', 1, NULL),
(36801, 2, '2018-10-25 06:33:37', 1, NULL),
(36802, 1, '2018-10-25 06:33:37', 0, NULL),
(36803, 6, '2018-10-25 06:33:37', 1, NULL),
(36804, 2, '2018-10-25 06:33:39', 0, NULL),
(36805, 6, '2018-10-25 06:33:40', 0, NULL),
(36806, 1, '2018-10-25 06:33:43', 1, NULL),
(36807, 2, '2018-10-25 06:33:44', 1, NULL),
(36808, 1, '2018-10-25 06:33:46', 0, NULL),
(36809, 6, '2018-10-25 06:33:46', 1, NULL),
(36810, 2, '2018-10-25 06:33:47', 0, NULL),
(36811, 6, '2018-10-25 06:33:49', 0, NULL),
(36812, 2, '2018-10-25 06:33:52', 1, NULL),
(36813, 1, '2018-10-25 06:33:52', 1, NULL),
(36814, 6, '2018-10-25 06:33:54', 1, NULL),
(36815, 1, '2018-10-25 06:33:54', 0, NULL),
(36816, 2, '2018-10-25 06:33:54', 0, NULL),
(36817, 6, '2018-10-25 06:33:56', 0, NULL),
(36818, 1, '2018-10-25 06:34:00', 1, NULL),
(36819, 2, '2018-10-25 06:34:00', 1, NULL),
(36820, 1, '2018-10-25 06:34:02', 0, NULL),
(36821, 6, '2018-10-25 06:34:02', 1, NULL),
(36822, 2, '2018-10-25 06:34:02', 0, NULL),
(36823, 6, '2018-10-25 06:34:05', 0, NULL),
(36824, 2, '2018-10-25 06:34:08', 1, NULL),
(36825, 1, '2018-10-25 06:34:08', 1, NULL),
(36826, 6, '2018-10-25 06:34:10', 1, NULL),
(36827, 2, '2018-10-25 06:34:10', 0, NULL),
(36828, 1, '2018-10-25 06:34:10', 0, NULL),
(36829, 6, '2018-10-25 06:34:12', 0, NULL),
(36830, 6, '2018-10-25 06:34:18', 1, NULL),
(36831, 6, '2018-10-25 06:34:21', 0, NULL),
(36832, 2, '2018-10-25 06:34:22', 1, NULL),
(36833, 1, '2018-10-25 06:34:23', 1, NULL),
(36834, 2, '2018-10-25 06:34:24', 0, NULL),
(36835, 1, '2018-10-25 06:34:25', 0, NULL),
(36836, 6, '2018-10-25 06:34:27', 1, NULL),
(36837, 2, '2018-10-25 06:34:29', 1, NULL),
(36838, 6, '2018-10-25 06:34:29', 0, NULL),
(36839, 1, '2018-10-25 06:34:30', 1, NULL),
(36840, 2, '2018-10-25 06:34:32', 0, NULL),
(36841, 1, '2018-10-25 06:34:32', 0, NULL),
(36842, 6, '2018-10-25 06:34:37', 1, NULL),
(36843, 2, '2018-10-25 06:34:38', 1, NULL),
(36844, 1, '2018-10-25 06:34:39', 1, NULL),
(36845, 6, '2018-10-25 06:34:40', 0, NULL),
(36846, 2, '2018-10-25 06:34:40', 0, NULL),
(36847, 1, '2018-10-25 06:34:41', 0, NULL),
(36848, 6, '2018-10-25 06:34:46', 1, NULL),
(36849, 2, '2018-10-25 06:34:46', 1, NULL),
(36850, 1, '2018-10-25 06:34:47', 1, NULL),
(36851, 6, '2018-10-25 06:34:47', 0, NULL),
(36852, 2, '2018-10-25 06:34:47', 0, NULL),
(36853, 1, '2018-10-25 06:34:49', 0, NULL),
(36854, 6, '2018-10-25 06:34:54', 1, NULL),
(36855, 2, '2018-10-25 06:34:54', 1, NULL),
(36856, 1, '2018-10-25 06:34:54', 1, NULL),
(36857, 1, '2018-10-25 06:34:56', 0, NULL),
(36858, 2, '2018-10-25 06:34:56', 0, NULL),
(36859, 6, '2018-10-25 06:34:56', 0, NULL),
(36860, 2, '2018-10-25 06:35:01', 1, NULL),
(36861, 1, '2018-10-25 06:35:01', 1, NULL),
(36862, 6, '2018-10-25 06:35:02', 1, NULL),
(36863, 1, '2018-10-25 06:35:03', 0, NULL),
(36864, 2, '2018-10-25 06:35:03', 0, NULL),
(36865, 6, '2018-10-25 06:35:04', 0, NULL),
(36866, 2, '2018-10-25 06:35:09', 1, NULL),
(36867, 6, '2018-10-25 06:35:10', 1, NULL),
(36868, 2, '2018-10-25 06:35:12', 0, NULL),
(36869, 6, '2018-10-25 06:35:12', 0, NULL),
(36870, 1, '2018-10-25 06:35:13', 1, NULL),
(36871, 1, '2018-10-25 06:35:16', 0, NULL),
(36872, 2, '2018-10-25 06:35:17', 1, NULL),
(36873, 6, '2018-10-25 06:35:18', 1, NULL),
(36874, 2, '2018-10-25 06:35:19', 0, NULL),
(36875, 6, '2018-10-25 06:35:21', 0, NULL),
(36876, 1, '2018-10-25 06:35:22', 1, NULL),
(36877, 1, '2018-10-25 06:35:24', 0, NULL),
(36878, 2, '2018-10-25 06:35:24', 1, NULL),
(36879, 2, '2018-10-25 06:35:29', 0, NULL),
(36880, 6, '2018-10-25 06:35:29', 1, NULL),
(36881, 6, '2018-10-25 06:35:30', 0, NULL),
(36882, 2, '2018-10-25 06:35:32', 1, NULL),
(36883, 1, '2018-10-25 06:35:32', 1, NULL),
(36884, 1, '2018-10-25 06:35:34', 0, NULL),
(36885, 2, '2018-10-25 06:35:34', 0, NULL),
(36886, 6, '2018-10-25 06:35:36', 1, NULL),
(36887, 6, '2018-10-25 06:35:38', 0, NULL),
(36888, 2, '2018-10-25 06:35:39', 1, NULL),
(36889, 1, '2018-10-25 06:35:39', 1, NULL),
(36890, 1, '2018-10-25 06:35:41', 0, NULL),
(36891, 2, '2018-10-25 06:35:41', 0, NULL),
(36892, 6, '2018-10-25 06:35:44', 1, NULL),
(36893, 6, '2018-10-25 06:35:46', 0, NULL),
(36894, 1, '2018-10-25 06:35:46', 1, NULL),
(36895, 2, '2018-10-25 06:35:48', 1, NULL),
(36896, 1, '2018-10-25 06:35:49', 0, NULL),
(36897, 2, '2018-10-25 06:35:50', 0, NULL),
(36898, 6, '2018-10-25 06:35:52', 1, NULL),
(36899, 6, '2018-10-25 06:35:54', 0, NULL),
(36900, 1, '2018-10-25 06:35:55', 1, NULL),
(36901, 2, '2018-10-25 06:35:55', 1, NULL),
(36902, 1, '2018-10-25 06:35:57', 0, NULL),
(36903, 2, '2018-10-25 06:35:58', 0, NULL),
(36904, 6, '2018-10-25 06:36:00', 1, NULL),
(36905, 1, '2018-10-25 06:36:02', 1, NULL),
(36906, 6, '2018-10-25 06:36:02', 0, NULL),
(36907, 2, '2018-10-25 06:36:03', 1, NULL),
(36908, 1, '2018-10-25 06:36:04', 0, NULL),
(36909, 2, '2018-10-25 06:36:05', 0, NULL),
(36910, 6, '2018-10-25 06:36:08', 1, NULL),
(36911, 6, '2018-10-25 06:36:10', 0, NULL),
(36912, 2, '2018-10-25 06:36:10', 1, NULL),
(36913, 1, '2018-10-25 06:36:10', 1, NULL),
(36914, 1, '2018-10-25 06:36:13', 0, NULL),
(36915, 2, '2018-10-25 06:36:13', 0, NULL),
(36916, 2, '2018-10-25 06:36:18', 1, NULL),
(36917, 1, '2018-10-25 06:36:19', 1, NULL),
(36918, 2, '2018-10-25 06:36:21', 0, NULL),
(36919, 1, '2018-10-25 06:36:21', 0, NULL),
(36920, 6, '2018-10-25 06:36:22', 1, NULL),
(36921, 6, '2018-10-25 06:36:27', 0, NULL),
(36922, 1, '2018-10-25 06:36:28', 1, NULL),
(36923, 1, '2018-10-25 06:36:29', 0, NULL),
(36924, 2, '2018-10-25 06:36:29', 0, NULL),
(36925, 6, '2018-10-25 06:36:31', 1, NULL),
(36926, 6, '2018-10-25 06:36:37', 0, NULL),
(36927, 1, '2018-10-25 06:36:40', 1, NULL),
(36928, 6, '2018-10-25 06:36:40', 1, NULL),
(36929, 1, '2018-10-25 06:36:42', 0, NULL),
(36930, 6, '2018-10-25 06:36:42', 0, NULL),
(36931, 2, '2018-10-25 06:36:43', 1, NULL),
(36932, 2, '2018-10-25 06:36:45', 0, NULL),
(36933, 1, '2018-10-25 06:36:47', 1, NULL),
(36934, 6, '2018-10-25 06:36:49', 1, NULL),
(36935, 1, '2018-10-25 06:36:49', 0, NULL),
(36936, 2, '2018-10-25 06:36:50', 1, NULL),
(36937, 6, '2018-10-25 06:36:51', 0, NULL),
(36938, 2, '2018-10-25 06:36:53', 0, NULL),
(36939, 1, '2018-10-25 06:36:55', 1, NULL),
(36940, 6, '2018-10-25 06:36:57', 1, NULL),
(36941, 1, '2018-10-25 06:36:57', 0, NULL),
(36942, 2, '2018-10-25 06:36:58', 1, NULL),
(36943, 6, '2018-10-25 06:36:59', 0, NULL),
(36944, 2, '2018-10-25 06:37:00', 0, NULL),
(36945, 1, '2018-10-25 06:37:02', 1, NULL),
(36946, 6, '2018-10-25 06:37:04', 1, NULL),
(36947, 1, '2018-10-25 06:37:04', 0, NULL),
(36948, 2, '2018-10-25 06:37:06', 1, NULL),
(36949, 6, '2018-10-25 06:37:06', 0, NULL),
(36950, 2, '2018-10-25 06:37:08', 0, NULL),
(36951, 1, '2018-10-25 06:37:10', 1, NULL),
(36952, 6, '2018-10-25 06:37:12', 1, NULL),
(36953, 1, '2018-10-25 06:37:12', 0, NULL),
(36954, 2, '2018-10-25 06:37:14', 1, NULL),
(36955, 6, '2018-10-25 06:37:14', 0, NULL),
(36956, 2, '2018-10-25 06:37:16', 0, NULL),
(36957, 1, '2018-10-25 06:37:20', 1, NULL),
(36958, 6, '2018-10-25 06:37:20', 1, NULL),
(36959, 2, '2018-10-25 06:37:22', 1, NULL),
(36960, 1, '2018-10-25 06:37:22', 0, NULL),
(36961, 6, '2018-10-25 06:37:22', 0, NULL),
(36962, 2, '2018-10-25 06:37:24', 0, NULL),
(36963, 1, '2018-10-25 06:37:28', 1, NULL),
(36964, 6, '2018-10-25 06:37:29', 1, NULL),
(36965, 1, '2018-10-25 06:37:30', 0, NULL),
(36966, 2, '2018-10-25 06:37:31', 1, NULL),
(36967, 6, '2018-10-25 06:37:31', 0, NULL),
(36968, 2, '2018-10-25 06:37:33', 0, NULL),
(36969, 1, '2018-10-25 06:37:35', 1, NULL),
(36970, 1, '2018-10-25 06:37:37', 0, NULL),
(36971, 6, '2018-10-25 06:37:37', 1, NULL),
(36972, 2, '2018-10-25 06:37:39', 1, NULL),
(36973, 6, '2018-10-25 06:37:40', 0, NULL),
(36974, 2, '2018-10-25 06:37:41', 0, NULL),
(36975, 1, '2018-10-25 06:37:42', 1, NULL),
(36976, 1, '2018-10-25 06:37:44', 0, NULL),
(36977, 6, '2018-10-25 06:37:46', 1, NULL),
(36978, 2, '2018-10-25 06:37:46', 1, NULL),
(36979, 6, '2018-10-25 06:37:48', 0, NULL),
(36980, 2, '2018-10-25 06:37:49', 0, NULL),
(36981, 1, '2018-10-25 06:37:52', 1, NULL),
(36982, 6, '2018-10-25 06:37:53', 1, NULL),
(36983, 2, '2018-10-25 06:37:54', 1, NULL),
(36984, 1, '2018-10-25 06:37:55', 0, NULL),
(36985, 6, '2018-10-25 06:37:56', 0, NULL),
(36986, 2, '2018-10-25 06:37:56', 0, NULL),
(36987, 1, '2018-10-25 06:38:00', 1, NULL),
(36988, 2, '2018-10-25 06:38:01', 1, NULL),
(36989, 6, '2018-10-25 06:38:01', 1, NULL),
(36990, 1, '2018-10-25 06:38:03', 0, NULL),
(36991, 2, '2018-10-25 06:38:04', 0, NULL),
(36992, 6, '2018-10-25 06:38:04', 0, NULL),
(36993, 2, '2018-10-25 06:38:09', 1, NULL),
(36994, 6, '2018-10-25 06:38:09', 1, NULL),
(36995, 1, '2018-10-25 06:38:09', 1, NULL),
(36996, 2, '2018-10-25 06:38:11', 0, NULL),
(36997, 6, '2018-10-25 06:38:11', 0, NULL),
(36998, 1, '2018-10-25 06:38:12', 0, NULL),
(36999, 2, '2018-10-25 06:38:17', 1, NULL),
(37000, 1, '2018-10-25 06:38:18', 1, NULL),
(37001, 6, '2018-10-25 06:38:18', 1, NULL),
(37002, 2, '2018-10-25 06:38:19', 0, NULL),
(37003, 1, '2018-10-25 06:38:21', 0, NULL),
(37004, 6, '2018-10-25 06:38:21', 0, NULL),
(37005, 2, '2018-10-25 06:38:25', 1, NULL),
(37006, 2, '2018-10-25 06:38:27', 0, NULL),
(37007, 1, '2018-10-25 06:38:28', 1, NULL),
(37008, 1, '2018-10-25 06:38:30', 0, NULL),
(37009, 6, '2018-10-25 06:38:31', 1, NULL),
(37010, 2, '2018-10-25 06:38:32', 1, NULL),
(37011, 6, '2018-10-25 06:38:33', 0, NULL),
(37012, 2, '2018-10-25 06:38:35', 0, NULL),
(37013, 1, '2018-10-25 06:38:36', 1, NULL),
(37014, 1, '2018-10-25 06:38:38', 0, NULL),
(37015, 6, '2018-10-25 06:38:39', 1, NULL),
(37016, 2, '2018-10-25 06:38:40', 1, NULL),
(37017, 6, '2018-10-25 06:38:41', 0, NULL),
(37018, 2, '2018-10-25 06:38:42', 0, NULL),
(37019, 1, '2018-10-25 06:38:45', 1, NULL),
(37020, 2, '2018-10-25 06:38:47', 1, NULL),
(37021, 1, '2018-10-25 06:38:48', 0, NULL),
(37022, 6, '2018-10-25 06:38:48', 1, NULL),
(37023, 2, '2018-10-25 06:38:50', 0, NULL),
(37024, 6, '2018-10-25 06:38:51', 0, NULL),
(37025, 1, '2018-10-25 06:38:53', 1, NULL),
(37026, 2, '2018-10-25 06:38:54', 1, NULL),
(37027, 1, '2018-10-25 06:38:56', 0, NULL),
(37028, 2, '2018-10-25 06:38:57', 0, NULL),
(37029, 6, '2018-10-25 06:38:58', 1, NULL),
(37030, 6, '2018-10-25 06:39:00', 0, NULL),
(37031, 1, '2018-10-25 06:39:02', 1, NULL),
(37032, 2, '2018-10-25 06:39:02', 1, NULL),
(37033, 1, '2018-10-25 06:39:06', 0, NULL),
(37034, 2, '2018-10-25 06:39:06', 0, NULL),
(37035, 6, '2018-10-25 06:39:06', 1, NULL),
(37036, 6, '2018-10-25 06:39:08', 0, NULL),
(37037, 1, '2018-10-25 06:39:10', 1, NULL),
(37038, 2, '2018-10-25 06:39:10', 1, NULL),
(37039, 1, '2018-10-25 06:39:12', 0, NULL),
(37040, 2, '2018-10-25 06:39:13', 0, NULL),
(37041, 6, '2018-10-25 06:39:13', 1, NULL),
(37042, 6, '2018-10-25 06:39:16', 0, NULL),
(37043, 1, '2018-10-25 06:39:17', 1, NULL),
(37044, 2, '2018-10-25 06:39:18', 1, NULL),
(37045, 1, '2018-10-25 06:39:20', 0, NULL),
(37046, 2, '2018-10-25 06:39:21', 0, NULL),
(37047, 6, '2018-10-25 06:39:21', 1, NULL),
(37048, 6, '2018-10-25 06:39:23', 0, NULL),
(37049, 2, '2018-10-25 06:39:26', 1, NULL),
(37050, 1, '2018-10-25 06:39:26', 1, NULL),
(37051, 2, '2018-10-25 06:39:28', 0, NULL),
(37052, 1, '2018-10-25 06:39:29', 0, NULL),
(37053, 6, '2018-10-25 06:39:30', 1, NULL),
(37054, 6, '2018-10-25 06:39:32', 0, NULL),
(37055, 2, '2018-10-25 06:39:33', 1, NULL),
(37056, 1, '2018-10-25 06:39:34', 1, NULL),
(37057, 2, '2018-10-25 06:39:36', 0, NULL),
(37058, 1, '2018-10-25 06:39:36', 0, NULL),
(37059, 6, '2018-10-25 06:39:38', 1, NULL),
(37060, 6, '2018-10-25 06:39:40', 0, NULL),
(37061, 2, '2018-10-25 06:39:42', 1, NULL),
(37062, 1, '2018-10-25 06:39:42', 1, NULL),
(37063, 1, '2018-10-25 06:39:44', 0, NULL),
(37064, 2, '2018-10-25 06:39:44', 0, NULL),
(37065, 6, '2018-10-25 06:39:45', 1, NULL),
(37066, 6, '2018-10-25 06:39:48', 0, NULL),
(37067, 1, '2018-10-25 06:39:49', 1, NULL),
(37068, 2, '2018-10-25 06:39:49', 1, NULL),
(37069, 1, '2018-10-25 06:39:52', 0, NULL),
(37070, 2, '2018-10-25 06:39:52', 0, NULL),
(37071, 1, '2018-10-25 06:39:56', 1, NULL),
(37072, 2, '2018-10-25 06:39:58', 1, NULL),
(37073, 6, '2018-10-25 06:39:58', 1, NULL),
(37074, 1, '2018-10-25 06:39:59', 0, NULL),
(37075, 2, '2018-10-25 06:40:00', 0, NULL),
(37076, 6, '2018-10-25 06:40:00', 0, NULL),
(37077, 1, '2018-10-25 06:40:05', 1, NULL),
(37078, 2, '2018-10-25 06:40:05', 1, NULL),
(37079, 6, '2018-10-25 06:40:06', 1, NULL),
(37080, 1, '2018-10-25 06:40:07', 0, NULL),
(37081, 2, '2018-10-25 06:40:08', 0, NULL),
(37082, 6, '2018-10-25 06:40:08', 0, NULL),
(37083, 1, '2018-10-25 06:40:13', 1, NULL),
(37084, 2, '2018-10-25 06:40:14', 1, NULL),
(37085, 1, '2018-10-25 06:40:15', 0, NULL),
(37086, 6, '2018-10-25 06:40:15', 1, NULL),
(37087, 2, '2018-10-25 06:40:16', 0, NULL),
(37088, 6, '2018-10-25 06:40:16', 0, NULL),
(37089, 1, '2018-10-25 06:40:21', 1, NULL),
(37090, 2, '2018-10-25 06:40:21', 1, NULL),
(37091, 6, '2018-10-25 06:40:21', 1, NULL),
(37092, 1, '2018-10-25 06:40:23', 0, NULL),
(37093, 2, '2018-10-25 06:40:23', 0, NULL),
(37094, 6, '2018-10-25 06:40:24', 0, NULL),
(37095, 2, '2018-10-25 06:40:28', 1, NULL),
(37096, 1, '2018-10-25 06:40:30', 1, NULL),
(37097, 6, '2018-10-25 06:40:30', 1, NULL),
(37098, 2, '2018-10-25 06:40:31', 0, NULL),
(37099, 1, '2018-10-25 06:40:32', 0, NULL),
(37100, 6, '2018-10-25 06:40:32', 0, NULL),
(37101, 2, '2018-10-25 06:40:36', 1, NULL),
(37102, 1, '2018-10-25 06:40:38', 1, NULL),
(37103, 2, '2018-10-25 06:40:38', 0, NULL),
(37104, 6, '2018-10-25 06:40:39', 1, NULL),
(37105, 1, '2018-10-25 06:40:40', 0, NULL),
(37106, 6, '2018-10-25 06:40:41', 0, NULL),
(37107, 2, '2018-10-25 06:40:44', 1, NULL),
(37108, 1, '2018-10-25 06:40:45', 1, NULL),
(37109, 2, '2018-10-25 06:40:46', 0, NULL),
(37110, 1, '2018-10-25 06:40:47', 0, NULL),
(37111, 6, '2018-10-25 06:40:48', 1, NULL),
(37112, 6, '2018-10-25 06:40:51', 0, NULL),
(37113, 2, '2018-10-25 06:40:51', 1, NULL),
(37114, 1, '2018-10-25 06:40:52', 1, NULL),
(37115, 2, '2018-10-25 06:40:54', 0, NULL),
(37116, 1, '2018-10-25 06:40:54', 0, NULL),
(37117, 6, '2018-10-25 06:40:56', 1, NULL),
(37118, 6, '2018-10-25 06:40:59', 0, NULL),
(37119, 2, '2018-10-25 06:41:01', 1, NULL),
(37120, 2, '2018-10-25 06:41:04', 0, NULL),
(37121, 6, '2018-10-25 06:41:04', 1, NULL),
(37122, 6, '2018-10-25 06:41:06', 0, NULL),
(37123, 2, '2018-10-25 06:41:09', 1, NULL),
(37124, 2, '2018-10-25 06:41:12', 0, NULL),
(37125, 6, '2018-10-25 06:41:16', 1, NULL),
(37126, 6, '2018-10-25 06:41:19', 0, NULL),
(37127, 2, '2018-10-25 06:41:21', 1, NULL),
(37128, 1, '2018-10-25 06:41:23', 1, NULL),
(37129, 2, '2018-10-25 06:41:23', 0, NULL),
(37130, 1, '2018-10-25 06:41:25', 0, NULL),
(37131, 6, '2018-10-25 06:41:26', 1, NULL),
(37132, 2, '2018-10-25 06:41:28', 1, NULL),
(37133, 6, '2018-10-25 06:41:29', 0, NULL),
(37134, 2, '2018-10-25 06:41:30', 0, NULL),
(37135, 1, '2018-10-25 06:41:31', 1, NULL),
(37136, 1, '2018-10-25 06:41:39', 1, NULL),
(37137, 1, '2018-10-25 06:41:41', 0, NULL),
(37138, 6, '2018-10-25 06:41:43', 1, NULL),
(37139, 2, '2018-10-25 06:41:43', 1, NULL),
(37140, 6, '2018-10-25 06:41:45', 0, NULL),
(37141, 2, '2018-10-25 06:41:45', 0, NULL),
(37142, 2, '2018-10-25 06:41:50', 1, NULL),
(37143, 6, '2018-10-25 06:41:51', 1, NULL),
(37144, 2, '2018-10-25 06:41:53', 0, NULL),
(37145, 6, '2018-10-25 06:41:53', 0, NULL),
(37146, 6, '2018-10-25 06:41:58', 1, NULL),
(37147, 2, '2018-10-25 06:42:00', 1, NULL),
(37148, 6, '2018-10-25 06:42:01', 0, NULL),
(37149, 2, '2018-10-25 06:42:02', 0, NULL),
(37150, 1, '2018-10-25 06:42:07', 1, NULL),
(37151, 1, '2018-10-25 06:42:09', 0, NULL),
(37152, 2, '2018-10-25 06:42:09', 1, NULL),
(37153, 6, '2018-10-25 06:42:09', 1, NULL),
(37154, 2, '2018-10-25 06:42:10', 0, NULL),
(37155, 6, '2018-10-25 06:42:10', 0, NULL),
(37156, 1, '2018-10-25 06:42:14', 1, NULL),
(37157, 2, '2018-10-25 06:42:14', 1, NULL),
(37158, 6, '2018-10-25 06:42:15', 1, NULL),
(37159, 1, '2018-10-25 06:42:16', 0, NULL),
(37160, 2, '2018-10-25 06:42:17', 0, NULL),
(37161, 6, '2018-10-25 06:42:18', 0, NULL),
(37162, 1, '2018-10-25 06:42:21', 1, NULL),
(37163, 2, '2018-10-25 06:42:22', 1, NULL),
(37164, 1, '2018-10-25 06:42:24', 0, NULL),
(37165, 2, '2018-10-25 06:42:24', 0, NULL),
(37166, 6, '2018-10-25 06:42:25', 1, NULL),
(37167, 6, '2018-10-25 06:42:27', 0, NULL),
(37168, 2, '2018-10-25 06:42:29', 1, NULL),
(37169, 2, '2018-10-25 06:42:32', 0, NULL),
(37170, 6, '2018-10-25 06:42:33', 1, NULL),
(37171, 6, '2018-10-25 06:42:35', 0, NULL),
(37172, 2, '2018-10-25 06:42:37', 1, NULL),
(37173, 1, '2018-10-25 06:42:38', 1, NULL),
(37174, 2, '2018-10-25 06:42:39', 0, NULL),
(37175, 1, '2018-10-25 06:42:42', 0, NULL),
(37176, 6, '2018-10-25 06:42:42', 1, NULL),
(37177, 2, '2018-10-25 06:42:44', 1, NULL),
(37178, 6, '2018-10-25 06:42:44', 0, NULL),
(37179, 2, '2018-10-25 06:42:46', 0, NULL),
(37180, 6, '2018-10-25 06:42:51', 1, NULL),
(37181, 2, '2018-10-25 06:42:53', 1, NULL),
(37182, 6, '2018-10-25 06:42:53', 0, NULL),
(37183, 2, '2018-10-25 06:42:55', 0, NULL),
(37184, 1, '2018-10-25 06:42:58', 1, NULL),
(37185, 1, '2018-10-25 06:43:00', 0, NULL),
(37186, 2, '2018-10-25 06:43:00', 1, NULL),
(37187, 6, '2018-10-25 06:43:00', 1, NULL),
(37188, 2, '2018-10-25 06:43:02', 0, NULL),
(37189, 6, '2018-10-25 06:43:03', 0, NULL),
(37190, 1, '2018-10-25 06:43:05', 1, NULL),
(37191, 1, '2018-10-25 06:43:07', 0, NULL),
(37192, 2, '2018-10-25 06:43:07', 1, NULL),
(37193, 6, '2018-10-25 06:43:08', 1, NULL),
(37194, 2, '2018-10-25 06:43:10', 0, NULL),
(37195, 6, '2018-10-25 06:43:11', 0, NULL),
(37196, 1, '2018-10-25 06:43:12', 1, NULL),
(37197, 1, '2018-10-25 06:43:14', 0, NULL),
(37198, 2, '2018-10-25 06:43:15', 1, NULL),
(37199, 6, '2018-10-25 06:43:16', 1, NULL),
(37200, 2, '2018-10-25 06:43:17', 0, NULL),
(37201, 6, '2018-10-25 06:43:19', 0, NULL),
(37202, 1, '2018-10-25 06:43:20', 1, NULL),
(37203, 1, '2018-10-25 06:43:22', 0, NULL),
(37204, 2, '2018-10-25 06:43:22', 1, NULL),
(37205, 6, '2018-10-25 06:43:24', 1, NULL),
(37206, 2, '2018-10-25 06:43:25', 0, NULL),
(37207, 6, '2018-10-25 06:43:27', 0, NULL),
(37208, 1, '2018-10-25 06:43:27', 1, NULL),
(37209, 1, '2018-10-25 06:43:31', 0, NULL),
(37210, 2, '2018-10-25 06:43:31', 1, NULL),
(37211, 2, '2018-10-25 06:43:33', 0, NULL),
(37212, 6, '2018-10-25 06:43:33', 1, NULL),
(37213, 6, '2018-10-25 06:43:35', 0, NULL),
(37214, 1, '2018-10-25 06:43:35', 1, NULL),
(37215, 1, '2018-10-25 06:43:37', 0, NULL),
(37216, 6, '2018-10-25 06:43:43', 1, NULL),
(37217, 6, '2018-10-25 06:43:44', 0, NULL),
(37218, 1, '2018-10-25 06:43:44', 0, NULL),
(37219, 2, '2018-10-25 06:43:45', 1, NULL),
(37220, 2, '2018-10-25 06:43:48', 0, NULL),
(37221, 6, '2018-10-25 06:43:49', 1, NULL),
(37222, 1, '2018-10-25 06:43:51', 1, NULL),
(37223, 6, '2018-10-25 06:43:52', 0, NULL),
(37224, 1, '2018-10-25 06:43:53', 0, NULL),
(37225, 2, '2018-10-25 06:43:54', 1, NULL),
(37226, 2, '2018-10-25 06:43:56', 0, NULL),
(37227, 6, '2018-10-25 06:43:57', 1, NULL),
(37228, 1, '2018-10-25 06:43:58', 1, NULL),
(37229, 1, '2018-10-25 06:44:01', 0, NULL),
(37230, 6, '2018-10-25 06:44:01', 0, NULL),
(37231, 2, '2018-10-25 06:44:03', 1, NULL),
(37232, 2, '2018-10-25 06:44:05', 0, NULL),
(37233, 6, '2018-10-25 06:44:07', 1, NULL),
(37234, 1, '2018-10-25 06:44:09', 1, NULL),
(37235, 6, '2018-10-25 06:44:09', 0, NULL),
(37236, 2, '2018-10-25 06:44:10', 1, NULL),
(37237, 1, '2018-10-25 06:44:11', 0, NULL),
(37238, 2, '2018-10-25 06:44:13', 0, NULL),
(37239, 6, '2018-10-25 06:44:15', 1, NULL),
(37240, 2, '2018-10-25 06:44:17', 1, NULL),
(37241, 6, '2018-10-25 06:44:18', 0, NULL),
(37242, 2, '2018-10-25 06:44:20', 0, NULL),
(37243, 2, '2018-10-25 06:44:25', 1, NULL),
(37244, 6, '2018-10-25 06:44:27', 1, NULL),
(37245, 2, '2018-10-25 06:44:27', 0, NULL),
(37246, 6, '2018-10-25 06:44:29', 0, NULL),
(37247, 2, '2018-10-25 06:44:32', 1, NULL),
(37248, 1, '2018-10-25 06:44:33', 1, NULL),
(37249, 2, '2018-10-25 06:44:35', 0, NULL),
(37250, 1, '2018-10-25 06:44:35', 0, NULL),
(37251, 6, '2018-10-25 06:44:36', 1, NULL),
(37252, 6, '2018-10-25 06:44:38', 0, NULL),
(37253, 2, '2018-10-25 06:44:40', 1, NULL),
(37254, 2, '2018-10-25 06:44:42', 0, NULL),
(37255, 1, '2018-10-25 06:44:43', 1, NULL),
(37256, 6, '2018-10-25 06:44:44', 1, NULL),
(37257, 1, '2018-10-25 06:44:46', 0, NULL),
(37258, 6, '2018-10-25 06:44:46', 0, NULL),
(37259, 2, '2018-10-25 06:44:47', 1, NULL),
(37260, 2, '2018-10-25 06:44:50', 0, NULL),
(37261, 6, '2018-10-25 06:44:52', 1, NULL),
(37262, 6, '2018-10-25 06:44:54', 0, NULL),
(37263, 2, '2018-10-25 06:44:55', 1, NULL),
(37264, 1, '2018-10-25 06:44:56', 1, NULL),
(37265, 2, '2018-10-25 06:44:58', 0, NULL),
(37266, 1, '2018-10-25 06:44:58', 0, NULL),
(37267, 6, '2018-10-25 06:45:00', 1, NULL),
(37268, 6, '2018-10-25 06:45:02', 0, NULL),
(37269, 6, '2018-10-25 06:45:09', 1, NULL),
(37270, 6, '2018-10-25 06:45:12', 0, NULL),
(37271, 2, '2018-10-25 06:45:14', 1, NULL),
(37272, 1, '2018-10-25 06:45:16', 1, NULL),
(37273, 2, '2018-10-25 06:45:16', 0, NULL),
(37274, 6, '2018-10-25 06:45:17', 1, NULL),
(37275, 1, '2018-10-25 06:45:18', 0, NULL),
(37276, 6, '2018-10-25 06:45:20', 0, NULL),
(37277, 2, '2018-10-25 06:45:21', 1, NULL),
(37278, 2, '2018-10-25 06:45:23', 0, NULL),
(37279, 2, '2018-10-25 06:45:32', 1, NULL),
(37280, 1, '2018-10-25 06:45:33', 1, NULL),
(37281, 6, '2018-10-25 06:45:33', 1, NULL),
(37282, 2, '2018-10-25 06:45:34', 0, NULL),
(37283, 1, '2018-10-25 06:45:36', 0, NULL),
(37284, 6, '2018-10-25 06:45:36', 0, NULL),
(37285, 2, '2018-10-25 06:45:40', 1, NULL),
(37286, 1, '2018-10-25 06:45:41', 1, NULL),
(37287, 6, '2018-10-25 06:45:41', 1, NULL),
(37288, 2, '2018-10-25 06:45:42', 0, NULL),
(37289, 1, '2018-10-25 06:45:43', 0, NULL),
(37290, 6, '2018-10-25 06:45:43', 0, NULL),
(37291, 2, '2018-10-25 06:45:47', 1, NULL),
(37292, 2, '2018-10-25 06:45:50', 0, NULL),
(37293, 6, '2018-10-25 06:45:50', 1, NULL),
(37294, 1, '2018-10-25 06:45:51', 1, NULL),
(37295, 6, '2018-10-25 06:45:52', 0, NULL),
(37296, 1, '2018-10-25 06:45:54', 0, NULL),
(37297, 2, '2018-10-25 06:45:54', 1, NULL),
(37298, 2, '2018-10-25 06:45:57', 0, NULL),
(37299, 6, '2018-10-25 06:45:59', 1, NULL),
(37300, 6, '2018-10-25 06:46:01', 0, NULL),
(37301, 2, '2018-10-25 06:46:02', 1, NULL),
(37302, 1, '2018-10-25 06:46:03', 1, NULL),
(37303, 2, '2018-10-25 06:46:05', 0, NULL),
(37304, 1, '2018-10-25 06:46:05', 0, NULL),
(37305, 6, '2018-10-25 06:46:07', 1, NULL),
(37306, 6, '2018-10-25 06:46:10', 0, NULL),
(37307, 2, '2018-10-25 06:46:10', 1, NULL),
(37308, 2, '2018-10-25 06:46:12', 0, NULL),
(37309, 1, '2018-10-25 06:46:14', 1, NULL),
(37310, 6, '2018-10-25 06:46:15', 1, NULL),
(37311, 1, '2018-10-25 06:46:17', 0, NULL),
(37312, 6, '2018-10-25 06:46:17', 0, NULL),
(37313, 2, '2018-10-25 06:46:18', 1, NULL),
(37314, 2, '2018-10-25 06:46:20', 0, NULL),
(37315, 1, '2018-10-25 06:46:22', 1, NULL),
(37316, 6, '2018-10-25 06:46:23', 1, NULL),
(37317, 1, '2018-10-25 06:46:24', 0, NULL),
(37318, 6, '2018-10-25 06:46:25', 0, NULL),
(37319, 2, '2018-10-25 06:46:27', 1, NULL),
(37320, 2, '2018-10-25 06:46:29', 0, NULL),
(37321, 6, '2018-10-25 06:46:30', 1, NULL),
(37322, 1, '2018-10-25 06:46:30', 1, NULL),
(37323, 1, '2018-10-25 06:46:36', 0, NULL),
(37324, 6, '2018-10-25 06:46:36', 0, NULL),
(37325, 1, '2018-10-25 06:46:38', 1, NULL),
(37326, 6, '2018-10-25 06:46:39', 1, NULL),
(37327, 1, '2018-10-25 06:46:40', 0, NULL),
(37328, 6, '2018-10-25 06:46:42', 0, NULL),
(37329, 2, '2018-10-25 06:46:43', 1, NULL),
(37330, 2, '2018-10-25 06:46:46', 0, NULL),
(37331, 2, '2018-10-25 06:46:58', 1, NULL),
(37332, 2, '2018-10-25 06:47:01', 0, NULL),
(37333, 1, '2018-10-25 06:47:02', 1, NULL),
(37334, 6, '2018-10-25 06:47:02', 1, NULL),
(37335, 1, '2018-10-25 06:47:04', 0, NULL),
(37336, 6, '2018-10-25 06:47:04', 0, NULL),
(37337, 2, '2018-10-25 06:47:06', 1, NULL),
(37338, 2, '2018-10-25 06:47:08', 0, NULL),
(37339, 1, '2018-10-25 06:47:10', 1, NULL),
(37340, 1, '2018-10-25 06:47:12', 0, NULL),
(37341, 6, '2018-10-25 06:47:12', 1, NULL),
(37342, 2, '2018-10-25 06:47:14', 1, NULL),
(37343, 6, '2018-10-25 06:47:15', 0, NULL),
(37344, 2, '2018-10-25 06:47:16', 0, NULL),
(37345, 1, '2018-10-25 06:47:18', 1, NULL),
(37346, 6, '2018-10-25 06:47:20', 1, NULL),
(37347, 1, '2018-10-25 06:47:21', 0, NULL),
(37348, 2, '2018-10-25 06:47:21', 1, NULL),
(37349, 6, '2018-10-25 06:47:23', 0, NULL),
(37350, 2, '2018-10-25 06:47:24', 0, NULL),
(37351, 1, '2018-10-25 06:47:29', 1, NULL),
(37352, 2, '2018-10-25 06:47:30', 1, NULL),
(37353, 6, '2018-10-25 06:47:30', 1, NULL),
(37354, 1, '2018-10-25 06:47:31', 0, NULL),
(37355, 2, '2018-10-25 06:47:32', 0, NULL),
(37356, 6, '2018-10-25 06:47:32', 0, NULL),
(37357, 2, '2018-10-25 06:47:38', 1, NULL),
(37358, 2, '2018-10-25 06:47:40', 0, NULL),
(37359, 6, '2018-10-25 06:47:42', 1, NULL),
(37360, 6, '2018-10-25 06:47:44', 0, NULL),
(37361, 2, '2018-10-25 06:47:46', 1, NULL),
(37362, 1, '2018-10-25 06:47:46', 1, NULL),
(37363, 2, '2018-10-25 06:47:48', 0, NULL),
(37364, 1, '2018-10-25 06:47:48', 0, NULL),
(37365, 6, '2018-10-25 06:47:49', 1, NULL),
(37366, 6, '2018-10-25 06:47:52', 0, NULL),
(37367, 1, '2018-10-25 06:47:53', 1, NULL),
(37368, 2, '2018-10-25 06:47:53', 1, NULL),
(37369, 1, '2018-10-25 06:47:56', 0, NULL),
(37370, 2, '2018-10-25 06:47:56', 0, NULL),
(37371, 6, '2018-10-25 06:47:57', 1, NULL),
(37372, 6, '2018-10-25 06:48:00', 0, NULL),
(37373, 1, '2018-10-25 06:48:01', 1, NULL),
(37374, 2, '2018-10-25 06:48:01', 1, NULL),
(37375, 1, '2018-10-25 06:48:03', 0, NULL),
(37376, 2, '2018-10-25 06:48:03', 0, NULL),
(37377, 6, '2018-10-25 06:48:05', 1, NULL),
(37378, 6, '2018-10-25 06:48:07', 0, NULL),
(37379, 1, '2018-10-25 06:48:08', 1, NULL),
(37380, 2, '2018-10-25 06:48:08', 1, NULL),
(37381, 1, '2018-10-25 06:48:10', 0, NULL),
(37382, 2, '2018-10-25 06:48:11', 0, NULL),
(37383, 1, '2018-10-25 06:48:18', 1, NULL),
(37384, 2, '2018-10-25 06:48:19', 1, NULL),
(37385, 6, '2018-10-25 06:48:19', 1, NULL),
(37386, 1, '2018-10-25 06:48:20', 0, NULL),
(37387, 2, '2018-10-25 06:48:22', 0, NULL),
(37388, 6, '2018-10-25 06:48:22', 0, NULL),
(37389, 1, '2018-10-25 06:48:26', 1, NULL),
(37390, 2, '2018-10-25 06:48:27', 1, NULL),
(37391, 6, '2018-10-25 06:48:28', 1, NULL),
(37392, 1, '2018-10-25 06:48:29', 0, NULL),
(37393, 2, '2018-10-25 06:48:29', 0, NULL),
(37394, 6, '2018-10-25 06:48:30', 0, NULL),
(37395, 2, '2018-10-25 06:48:34', 1, NULL),
(37396, 1, '2018-10-25 06:48:34', 1, NULL),
(37397, 6, '2018-10-25 06:48:35', 1, NULL),
(37398, 1, '2018-10-25 06:48:37', 0, NULL),
(37399, 2, '2018-10-25 06:48:37', 0, NULL),
(37400, 6, '2018-10-25 06:48:37', 0, NULL),
(37401, 2, '2018-10-25 06:48:43', 1, NULL),
(37402, 1, '2018-10-25 06:48:43', 1, NULL),
(37403, 1, '2018-10-25 06:48:44', 0, NULL),
(37404, 2, '2018-10-25 06:48:44', 0, NULL),
(37405, 6, '2018-10-25 06:48:44', 1, NULL),
(37406, 6, '2018-10-25 06:48:46', 0, NULL),
(37407, 2, '2018-10-25 06:48:49', 1, NULL),
(37408, 1, '2018-10-25 06:48:49', 1, NULL),
(37409, 2, '2018-10-25 06:48:51', 0, NULL),
(37410, 1, '2018-10-25 06:48:51', 0, NULL),
(37411, 6, '2018-10-25 06:48:53', 1, NULL),
(37412, 6, '2018-10-25 06:48:56', 0, NULL),
(37413, 1, '2018-10-25 06:48:58', 1, NULL),
(37414, 2, '2018-10-25 06:48:58', 1, NULL),
(37415, 1, '2018-10-25 06:49:00', 0, NULL),
(37416, 2, '2018-10-25 06:49:00', 0, NULL),
(37417, 6, '2018-10-25 06:49:02', 1, NULL),
(37418, 6, '2018-10-25 06:49:05', 0, NULL),
(37419, 1, '2018-10-25 06:49:06', 1, NULL),
(37420, 1, '2018-10-25 06:49:08', 0, NULL),
(37421, 1, '2018-10-25 06:49:12', 1, NULL),
(37422, 2, '2018-10-25 06:49:13', 1, NULL),
(37423, 6, '2018-10-25 06:49:13', 1, NULL),
(37424, 1, '2018-10-25 06:49:15', 0, NULL),
(37425, 2, '2018-10-25 06:49:16', 0, NULL),
(37426, 6, '2018-10-25 06:49:16', 0, NULL),
(37427, 1, '2018-10-25 06:49:22', 1, NULL),
(37428, 2, '2018-10-25 06:49:22', 1, NULL),
(37429, 6, '2018-10-25 06:49:22', 1, NULL),
(37430, 1, '2018-10-25 06:49:24', 0, NULL),
(37431, 6, '2018-10-25 06:49:25', 0, NULL),
(37432, 2, '2018-10-25 06:49:25', 0, NULL),
(37433, 2, '2018-10-25 06:49:30', 1, NULL),
(37434, 6, '2018-10-25 06:49:31', 1, NULL),
(37435, 1, '2018-10-25 06:49:32', 1, NULL),
(37436, 2, '2018-10-25 06:49:33', 0, NULL),
(37437, 6, '2018-10-25 06:49:33', 0, NULL),
(37438, 1, '2018-10-25 06:49:35', 0, NULL),
(37439, 1, '2018-10-25 06:49:40', 1, NULL),
(37440, 2, '2018-10-25 06:49:40', 1, NULL),
(37441, 6, '2018-10-25 06:49:40', 1, NULL),
(37442, 1, '2018-10-25 06:49:42', 0, NULL),
(37443, 2, '2018-10-25 06:49:43', 0, NULL),
(37444, 6, '2018-10-25 06:49:43', 0, NULL),
(37445, 2, '2018-10-25 06:49:48', 1, NULL),
(37446, 1, '2018-10-25 06:49:48', 1, NULL),
(37447, 6, '2018-10-25 06:49:48', 1, NULL),
(37448, 1, '2018-10-25 06:49:50', 0, NULL),
(37449, 2, '2018-10-25 06:49:50', 0, NULL),
(37450, 6, '2018-10-25 06:49:50', 0, NULL),
(37451, 2, '2018-10-25 06:49:55', 1, NULL),
(37452, 2, '2018-10-25 06:49:58', 0, NULL),
(37453, 6, '2018-10-25 06:50:00', 1, NULL),
(37454, 1, '2018-10-25 06:50:00', 1, NULL),
(37455, 6, '2018-10-25 06:50:02', 0, NULL),
(37456, 2, '2018-10-25 06:50:02', 1, NULL),
(37457, 1, '2018-10-25 06:50:02', 0, NULL),
(37458, 2, '2018-10-25 06:50:05', 0, NULL),
(37459, 1, '2018-10-25 06:50:26', 1, NULL),
(37460, 2, '2018-10-25 06:50:27', 1, NULL),
(37461, 6, '2018-10-25 06:50:27', 1, NULL),
(37462, 1, '2018-10-25 06:50:28', 0, NULL),
(37463, 6, '2018-10-25 06:50:30', 0, NULL),
(37464, 2, '2018-10-25 06:50:30', 0, NULL),
(37465, 1, '2018-10-25 06:50:33', 1, NULL),
(37466, 1, '2018-10-25 06:50:35', 0, NULL),
(37467, 2, '2018-10-25 06:50:37', 1, NULL),
(37468, 6, '2018-10-25 06:50:37', 1, NULL),
(37469, 2, '2018-10-25 06:50:39', 0, NULL),
(37470, 6, '2018-10-25 06:50:39', 0, NULL),
(37471, 1, '2018-10-25 06:50:50', 1, NULL),
(37472, 1, '2018-10-25 06:50:52', 0, NULL),
(37473, 2, '2018-10-25 06:50:53', 1, NULL),
(37474, 6, '2018-10-25 06:50:53', 1, NULL),
(37475, 2, '2018-10-25 06:50:56', 0, NULL),
(37476, 6, '2018-10-25 06:50:56', 0, NULL),
(37477, 2, '2018-10-25 06:51:00', 1, NULL),
(37478, 1, '2018-10-25 06:51:01', 1, NULL),
(37479, 6, '2018-10-25 06:51:02', 1, NULL),
(37480, 2, '2018-10-25 06:51:03', 0, NULL),
(37481, 1, '2018-10-25 06:51:04', 0, NULL),
(37482, 6, '2018-10-25 06:51:05', 0, NULL),
(37483, 2, '2018-10-25 06:51:08', 1, NULL),
(37484, 2, '2018-10-25 06:51:10', 0, NULL),
(37485, 1, '2018-10-25 06:51:12', 1, NULL),
(37486, 6, '2018-10-25 06:51:13', 1, NULL),
(37487, 1, '2018-10-25 06:51:14', 0, NULL),
(37488, 2, '2018-10-25 06:51:15', 1, NULL),
(37489, 6, '2018-10-25 06:51:16', 0, NULL),
(37490, 2, '2018-10-25 06:51:18', 0, NULL),
(37491, 1, '2018-10-25 06:51:20', 1, NULL),
(37492, 1, '2018-10-25 06:51:22', 0, NULL),
(37493, 2, '2018-10-25 06:51:23', 1, NULL),
(37494, 6, '2018-10-25 06:51:23', 1, NULL),
(37495, 6, '2018-10-25 06:51:26', 0, NULL),
(37496, 2, '2018-10-25 06:51:26', 0, NULL),
(37497, 1, '2018-10-25 06:51:28', 1, NULL),
(37498, 1, '2018-10-25 06:51:30', 0, NULL),
(37499, 2, '2018-10-25 06:51:31', 1, NULL),
(37500, 6, '2018-10-25 06:51:31', 1, NULL),
(37501, 2, '2018-10-25 06:51:33', 0, NULL),
(37502, 6, '2018-10-25 06:51:36', 0, NULL),
(37503, 1, '2018-10-25 06:51:42', 1, NULL),
(37504, 1, '2018-10-25 06:51:44', 0, NULL),
(37505, 2, '2018-10-25 06:51:45', 1, NULL),
(37506, 6, '2018-10-25 06:51:45', 1, NULL),
(37507, 6, '2018-10-25 06:51:47', 0, NULL),
(37508, 2, '2018-10-25 06:51:47', 0, NULL),
(37509, 1, '2018-10-25 06:51:49', 1, NULL),
(37510, 1, '2018-10-25 06:51:51', 0, NULL),
(37511, 2, '2018-10-25 06:51:53', 1, NULL),
(37512, 6, '2018-10-25 06:51:53', 1, NULL),
(37513, 2, '2018-10-25 06:51:55', 0, NULL),
(37514, 6, '2018-10-25 06:51:55', 0, NULL),
(37515, 1, '2018-10-25 06:51:56', 1, NULL),
(37516, 1, '2018-10-25 06:51:59', 0, NULL),
(37517, 2, '2018-10-25 06:52:00', 1, NULL),
(37518, 6, '2018-10-25 06:52:01', 1, NULL),
(37519, 2, '2018-10-25 06:52:03', 0, NULL),
(37520, 6, '2018-10-25 06:52:04', 0, NULL),
(37521, 1, '2018-10-25 06:52:05', 1, NULL),
(37522, 1, '2018-10-25 06:52:07', 0, NULL),
(37523, 2, '2018-10-25 06:52:08', 1, NULL),
(37524, 2, '2018-10-25 06:52:11', 0, NULL),
(37525, 6, '2018-10-25 06:52:12', 1, NULL),
(37526, 6, '2018-10-25 06:52:13', 0, NULL),
(37527, 1, '2018-10-25 06:52:14', 1, NULL),
(37528, 2, '2018-10-25 06:52:15', 1, NULL),
(37529, 1, '2018-10-25 06:52:16', 0, NULL),
(37530, 2, '2018-10-25 06:52:18', 0, NULL),
(37531, 6, '2018-10-25 06:52:19', 1, NULL),
(37532, 6, '2018-10-25 06:52:22', 0, NULL),
(37533, 2, '2018-10-25 06:52:24', 1, NULL),
(37534, 2, '2018-10-25 06:52:25', 0, NULL),
(37535, 1, '2018-10-25 06:52:26', 1, NULL),
(37536, 6, '2018-10-25 06:52:27', 1, NULL),
(37537, 1, '2018-10-25 06:52:29', 0, NULL),
(37538, 6, '2018-10-25 06:52:29', 0, NULL),
(37539, 2, '2018-10-25 06:52:32', 1, NULL),
(37540, 2, '2018-10-25 06:52:33', 0, NULL),
(37541, 1, '2018-10-25 06:52:34', 1, NULL),
(37542, 6, '2018-10-25 06:52:34', 1, NULL),
(37543, 1, '2018-10-25 06:52:37', 0, NULL),
(37544, 6, '2018-10-25 06:52:38', 0, NULL),
(37545, 2, '2018-10-25 06:52:43', 1, NULL),
(37546, 1, '2018-10-25 06:52:43', 1, NULL),
(37547, 1, '2018-10-25 06:52:45', 0, NULL),
(37548, 2, '2018-10-25 06:52:45', 0, NULL),
(37549, 6, '2018-10-25 06:52:46', 0, NULL);
INSERT INTO `Sensor_Activity` (`Sensor_Activity_ID`, `Sensor_ID`, `Date`, `Value`, `Mail_Sended_ID`) VALUES
(37550, 2, '2018-10-25 06:52:49', 1, NULL),
(37551, 1, '2018-10-25 06:52:50', 1, NULL),
(37552, 6, '2018-10-25 06:52:52', 1, NULL),
(37553, 2, '2018-10-25 06:52:52', 0, NULL),
(37554, 1, '2018-10-25 06:52:53', 0, NULL),
(37555, 6, '2018-10-25 06:52:54', 0, NULL),
(37556, 2, '2018-10-25 06:52:57', 1, NULL),
(37557, 1, '2018-10-25 06:52:58', 1, NULL),
(37558, 2, '2018-10-25 06:52:59', 0, NULL),
(37559, 1, '2018-10-25 06:53:01', 0, NULL),
(37560, 6, '2018-10-25 06:53:03', 1, NULL),
(37561, 6, '2018-10-25 06:53:05', 0, NULL),
(37562, 2, '2018-10-25 06:53:05', 1, NULL),
(37563, 1, '2018-10-25 06:53:06', 1, NULL),
(37564, 2, '2018-10-25 06:53:08', 0, NULL),
(37565, 1, '2018-10-25 06:53:08', 0, NULL),
(37566, 6, '2018-10-25 06:53:10', 1, NULL),
(37567, 6, '2018-10-25 06:53:12', 0, NULL),
(37568, 2, '2018-10-25 06:53:14', 1, NULL),
(37569, 1, '2018-10-25 06:53:15', 1, NULL),
(37570, 2, '2018-10-25 06:53:17', 0, NULL),
(37571, 1, '2018-10-25 06:53:17', 0, NULL),
(37572, 6, '2018-10-25 06:53:18', 1, NULL),
(37573, 6, '2018-10-25 06:53:21', 0, NULL),
(37574, 2, '2018-10-25 06:53:22', 1, NULL),
(37575, 1, '2018-10-25 06:53:22', 1, NULL),
(37576, 2, '2018-10-25 06:53:24', 0, NULL),
(37577, 1, '2018-10-25 06:53:25', 0, NULL),
(37578, 6, '2018-10-25 06:53:26', 1, NULL),
(37579, 6, '2018-10-25 06:53:29', 0, NULL),
(37580, 2, '2018-10-25 06:53:31', 1, NULL),
(37581, 1, '2018-10-25 06:53:31', 1, NULL),
(37582, 1, '2018-10-25 06:53:33', 0, NULL),
(37583, 2, '2018-10-25 06:53:33', 0, NULL),
(37584, 6, '2018-10-25 06:53:34', 1, NULL),
(37585, 6, '2018-10-25 06:53:37', 0, NULL),
(37586, 2, '2018-10-25 06:53:59', 1, NULL),
(37587, 6, '2018-10-25 06:54:01', 1, NULL),
(37588, 2, '2018-10-25 06:54:02', 0, NULL),
(37589, 1, '2018-10-25 06:54:02', 1, NULL),
(37590, 6, '2018-10-25 06:54:03', 0, NULL),
(37591, 1, '2018-10-25 06:54:05', 0, NULL),
(37592, 2, '2018-10-25 06:54:07', 1, NULL),
(37593, 6, '2018-10-25 06:54:08', 1, NULL),
(37594, 2, '2018-10-25 06:54:09', 0, NULL),
(37595, 6, '2018-10-25 06:54:11', 0, NULL),
(37596, 2, '2018-10-25 06:54:14', 1, NULL),
(37597, 2, '2018-10-25 06:54:17', 0, NULL),
(37598, 6, '2018-10-25 06:54:19', 1, NULL),
(37599, 6, '2018-10-25 06:54:21', 0, NULL),
(37600, 2, '2018-10-25 06:54:22', 1, NULL),
(37601, 1, '2018-10-25 06:54:23', 1, NULL),
(37602, 2, '2018-10-25 06:54:24', 0, NULL),
(37603, 1, '2018-10-25 06:54:25', 0, NULL),
(37604, 6, '2018-10-25 06:54:27', 1, NULL),
(37605, 6, '2018-10-25 06:54:29', 0, NULL),
(37606, 2, '2018-10-25 06:54:30', 1, NULL),
(37607, 2, '2018-10-25 06:54:32', 0, NULL),
(37608, 6, '2018-10-25 06:54:34', 1, NULL),
(37609, 1, '2018-10-25 06:54:35', 1, NULL),
(37610, 6, '2018-10-25 06:54:37', 0, NULL),
(37611, 1, '2018-10-25 06:54:37', 0, NULL),
(37612, 2, '2018-10-25 06:54:37', 1, NULL),
(37613, 2, '2018-10-25 06:54:40', 0, NULL),
(37614, 1, '2018-10-25 06:54:42', 1, NULL),
(37615, 6, '2018-10-25 06:54:42', 1, NULL),
(37616, 1, '2018-10-25 06:54:44', 0, NULL),
(37617, 2, '2018-10-25 06:54:45', 1, NULL),
(37618, 6, '2018-10-25 06:54:45', 0, NULL),
(37619, 2, '2018-10-25 06:54:47', 0, NULL),
(37620, 6, '2018-10-25 06:54:52', 1, NULL),
(37621, 1, '2018-10-25 06:54:52', 1, NULL),
(37622, 2, '2018-10-25 06:54:52', 1, NULL),
(37623, 1, '2018-10-25 06:54:54', 0, NULL),
(37624, 6, '2018-10-25 06:54:54', 0, NULL),
(37625, 2, '2018-10-25 06:54:54', 0, NULL),
(37626, 2, '2018-10-25 06:55:00', 1, NULL),
(37627, 1, '2018-10-25 06:55:00', 1, NULL),
(37628, 6, '2018-10-25 06:55:01', 1, NULL),
(37629, 1, '2018-10-25 06:55:03', 0, NULL),
(37630, 2, '2018-10-25 06:55:03', 0, NULL),
(37631, 6, '2018-10-25 06:55:04', 0, NULL),
(37632, 2, '2018-10-25 06:55:08', 1, NULL),
(37633, 6, '2018-10-25 06:55:09', 1, NULL),
(37634, 2, '2018-10-25 06:55:10', 0, NULL),
(37635, 6, '2018-10-25 06:55:11', 0, NULL),
(37636, 1, '2018-10-25 06:55:13', 1, NULL),
(37637, 1, '2018-10-25 06:55:16', 0, NULL),
(37638, 2, '2018-10-25 06:55:16', 1, NULL),
(37639, 6, '2018-10-25 06:55:18', 1, NULL),
(37640, 2, '2018-10-25 06:55:18', 0, NULL),
(37641, 6, '2018-10-25 06:55:20', 0, NULL),
(37642, 1, '2018-10-25 06:55:23', 1, NULL),
(37643, 2, '2018-10-25 06:55:23', 1, NULL),
(37644, 1, '2018-10-25 06:55:25', 0, NULL),
(37645, 2, '2018-10-25 06:55:26', 0, NULL),
(37646, 6, '2018-10-25 06:55:27', 1, NULL),
(37647, 6, '2018-10-25 06:55:29', 0, NULL),
(37648, 1, '2018-10-25 06:55:30', 1, NULL),
(37649, 2, '2018-10-25 06:55:31', 1, NULL),
(37650, 1, '2018-10-25 06:55:32', 0, NULL),
(37651, 2, '2018-10-25 06:55:33', 0, NULL),
(37652, 6, '2018-10-25 06:55:35', 1, NULL),
(37653, 1, '2018-10-25 06:55:37', 1, NULL),
(37654, 6, '2018-10-25 06:55:38', 0, NULL),
(37655, 2, '2018-10-25 06:55:39', 1, NULL),
(37656, 1, '2018-10-25 06:55:39', 0, NULL),
(37657, 2, '2018-10-25 06:55:41', 0, NULL),
(37658, 6, '2018-10-25 06:55:43', 1, NULL),
(37659, 1, '2018-10-25 06:55:44', 1, NULL),
(37660, 6, '2018-10-25 06:55:46', 0, NULL),
(37661, 1, '2018-10-25 06:55:46', 0, NULL),
(37662, 2, '2018-10-25 06:55:46', 1, NULL),
(37663, 2, '2018-10-25 06:55:49', 0, NULL),
(37664, 2, '2018-10-25 06:56:26', 1, NULL),
(37665, 2, '2018-10-25 06:56:28', 0, NULL),
(37666, 6, '2018-10-25 06:56:29', 1, NULL),
(37667, 6, '2018-10-25 06:56:33', 0, NULL),
(37668, 2, '2018-10-25 06:56:39', 1, NULL),
(37669, 1, '2018-10-25 06:56:40', 0, NULL),
(37670, 2, '2018-10-25 06:56:40', 0, NULL),
(37671, 2, '2018-10-25 06:56:42', 1, NULL),
(37672, 6, '2018-10-25 06:56:42', 1, NULL),
(37673, 1, '2018-10-25 06:56:44', 1, NULL),
(37674, 2, '2018-10-25 06:56:45', 0, NULL),
(37675, 6, '2018-10-25 06:56:45', 0, NULL),
(37676, 1, '2018-10-25 06:56:46', 0, NULL),
(37677, 2, '2018-10-25 06:56:50', 1, NULL),
(37678, 2, '2018-10-25 06:56:52', 0, NULL),
(37679, 1, '2018-10-25 06:56:53', 1, NULL),
(37680, 6, '2018-10-25 06:56:53', 1, NULL),
(37681, 1, '2018-10-25 06:56:56', 0, NULL),
(37682, 6, '2018-10-25 06:56:56', 0, NULL),
(37683, 2, '2018-10-25 06:56:57', 1, NULL),
(37684, 2, '2018-10-25 06:56:59', 0, NULL),
(37685, 6, '2018-10-25 06:57:02', 1, NULL),
(37686, 6, '2018-10-25 06:57:05', 0, NULL),
(37687, 2, '2018-10-25 06:57:07', 1, NULL),
(37688, 2, '2018-10-25 06:57:10', 0, NULL),
(37689, 6, '2018-10-25 06:57:12', 1, NULL),
(37690, 1, '2018-10-25 06:57:12', 1, NULL),
(37691, 6, '2018-10-25 06:57:14', 0, NULL),
(37692, 1, '2018-10-25 06:57:15', 0, NULL),
(37693, 2, '2018-10-25 06:57:16', 1, NULL),
(37694, 2, '2018-10-25 06:57:18', 0, NULL),
(37695, 6, '2018-10-25 06:57:19', 1, NULL),
(37696, 6, '2018-10-25 06:57:22', 0, NULL),
(37697, 2, '2018-10-25 06:57:29', 1, NULL),
(37698, 2, '2018-10-25 06:57:31', 0, NULL),
(37699, 1, '2018-10-25 06:57:32', 1, NULL),
(37700, 6, '2018-10-25 06:57:32', 1, NULL),
(37701, 1, '2018-10-25 06:57:35', 0, NULL),
(37702, 6, '2018-10-25 06:57:35', 0, NULL),
(37703, 2, '2018-10-25 06:57:36', 1, NULL),
(37704, 2, '2018-10-25 06:57:39', 0, NULL),
(37705, 1, '2018-10-25 06:57:40', 1, NULL),
(37706, 6, '2018-10-25 06:57:40', 1, NULL),
(37707, 1, '2018-10-25 06:57:43', 0, NULL),
(37708, 6, '2018-10-25 06:57:43', 0, NULL),
(37709, 2, '2018-10-25 06:57:44', 1, NULL),
(37710, 2, '2018-10-25 06:57:46', 0, NULL),
(37711, 1, '2018-10-25 06:57:48', 1, NULL),
(37712, 6, '2018-10-25 06:57:48', 1, NULL),
(37713, 1, '2018-10-25 06:57:50', 0, NULL),
(37714, 6, '2018-10-25 06:57:51', 0, NULL),
(37715, 2, '2018-10-25 06:57:51', 1, NULL),
(37716, 2, '2018-10-25 06:57:54', 0, NULL),
(37717, 1, '2018-10-25 06:57:55', 1, NULL),
(37718, 1, '2018-10-25 06:57:58', 0, NULL),
(37719, 2, '2018-10-25 06:58:53', 1, NULL),
(37720, 6, '2018-10-25 06:58:54', 1, NULL),
(37721, 2, '2018-10-25 06:58:54', 0, NULL),
(37722, 6, '2018-10-25 06:58:56', 0, NULL),
(37723, 1, '2018-10-25 06:58:58', 1, NULL),
(37724, 2, '2018-10-25 06:58:59', 1, NULL),
(37725, 1, '2018-10-25 06:59:01', 0, NULL),
(37726, 6, '2018-10-25 06:59:02', 1, NULL),
(37727, 2, '2018-10-25 06:59:02', 0, NULL),
(37728, 6, '2018-10-25 06:59:04', 0, NULL),
(37729, 1, '2018-10-25 06:59:06', 1, NULL),
(37730, 2, '2018-10-25 06:59:07', 1, NULL),
(37731, 1, '2018-10-25 06:59:08', 0, NULL),
(37732, 6, '2018-10-25 06:59:09', 1, NULL),
(37733, 2, '2018-10-25 06:59:10', 0, NULL),
(37734, 6, '2018-10-25 06:59:12', 0, NULL),
(37735, 1, '2018-10-25 06:59:13', 1, NULL),
(37736, 2, '2018-10-25 06:59:15', 1, NULL),
(37737, 1, '2018-10-25 06:59:16', 0, NULL),
(37738, 2, '2018-10-25 06:59:17', 0, NULL),
(37739, 6, '2018-10-25 06:59:19', 1, NULL),
(37740, 6, '2018-10-25 06:59:21', 0, NULL),
(37741, 2, '2018-10-25 06:59:34', 1, NULL),
(37742, 2, '2018-10-25 06:59:36', 0, NULL),
(37743, 6, '2018-10-25 06:59:37', 1, NULL),
(37744, 1, '2018-10-25 06:59:38', 1, NULL),
(37745, 6, '2018-10-25 06:59:40', 0, NULL),
(37746, 1, '2018-10-25 06:59:41', 0, NULL),
(37747, 2, '2018-10-25 06:59:42', 1, NULL),
(37748, 2, '2018-10-25 06:59:44', 0, NULL),
(37749, 6, '2018-10-25 06:59:46', 1, NULL),
(37750, 1, '2018-10-25 06:59:46', 1, NULL),
(37751, 6, '2018-10-25 06:59:48', 0, NULL),
(37752, 1, '2018-10-25 06:59:49', 0, NULL),
(37753, 2, '2018-10-25 06:59:49', 1, NULL),
(37754, 2, '2018-10-25 06:59:52', 0, NULL),
(37755, 6, '2018-10-25 06:59:53', 1, NULL),
(37756, 6, '2018-10-25 06:59:56', 0, NULL),
(37757, 2, '2018-10-25 07:00:03', 1, NULL),
(37758, 6, '2018-10-25 07:00:03', 1, NULL),
(37759, 1, '2018-10-25 07:00:03', 1, NULL),
(37760, 2, '2018-10-25 07:00:04', 0, NULL),
(37761, 6, '2018-10-25 07:00:04', 0, NULL),
(37762, 1, '2018-10-25 07:00:05', 0, NULL),
(37763, 2, '2018-10-25 07:00:10', 1, NULL),
(37764, 2, '2018-10-25 07:00:12', 0, NULL),
(37765, 2, '2018-10-25 07:00:37', 1, NULL),
(37766, 6, '2018-10-25 07:00:39', 1, NULL),
(37767, 2, '2018-10-25 07:00:39', 0, NULL),
(37768, 6, '2018-10-25 07:00:41', 0, NULL),
(37769, 1, '2018-10-25 07:00:43', 1, NULL),
(37770, 2, '2018-10-25 07:00:44', 1, NULL),
(37771, 1, '2018-10-25 07:00:46', 0, NULL),
(37772, 2, '2018-10-25 07:00:47', 0, NULL),
(37773, 6, '2018-10-25 07:00:47', 1, NULL),
(37774, 6, '2018-10-25 07:00:50', 0, NULL),
(37775, 2, '2018-10-25 07:00:56', 1, NULL),
(37776, 6, '2018-10-25 07:00:56', 1, NULL),
(37777, 1, '2018-10-25 07:00:56', 1, NULL),
(37778, 6, '2018-10-25 07:00:59', 0, NULL),
(37779, 1, '2018-10-25 07:00:59', 0, NULL),
(37780, 2, '2018-10-25 07:00:59', 0, NULL),
(37781, 1, '2018-10-25 07:01:04', 1, NULL),
(37782, 2, '2018-10-25 07:01:04', 1, NULL),
(37783, 6, '2018-10-25 07:01:06', 1, NULL),
(37784, 1, '2018-10-25 07:01:06', 0, NULL),
(37785, 2, '2018-10-25 07:01:07', 0, NULL),
(37786, 6, '2018-10-25 07:01:08', 0, NULL),
(37787, 1, '2018-10-25 07:01:12', 1, NULL),
(37788, 2, '2018-10-25 07:01:13', 1, NULL),
(37789, 1, '2018-10-25 07:01:14', 0, NULL),
(37790, 2, '2018-10-25 07:01:15', 0, NULL),
(37791, 6, '2018-10-25 07:01:17', 1, NULL),
(37792, 6, '2018-10-25 07:01:25', 0, NULL),
(37793, 2, '2018-10-25 07:01:29', 1, NULL),
(37794, 2, '2018-10-25 07:01:32', 0, NULL),
(37795, 6, '2018-10-25 07:01:32', 1, NULL),
(37796, 1, '2018-10-25 07:01:37', 1, NULL),
(37797, 1, '2018-10-25 07:01:39', 0, NULL),
(37798, 6, '2018-10-25 07:01:39', 0, NULL),
(37799, 2, '2018-10-25 07:01:39', 0, NULL),
(37800, 6, '2018-10-25 07:01:41', 1, NULL),
(37801, 6, '2018-10-25 07:01:43', 0, NULL),
(37802, 2, '2018-10-25 07:01:46', 1, NULL),
(37803, 1, '2018-10-25 07:01:47', 1, NULL),
(37804, 2, '2018-10-25 07:01:48', 0, NULL),
(37805, 6, '2018-10-25 07:01:49', 1, NULL),
(37806, 1, '2018-10-25 07:01:50', 0, NULL),
(37807, 6, '2018-10-25 07:01:52', 0, NULL),
(37808, 2, '2018-10-25 07:01:54', 1, NULL),
(37809, 1, '2018-10-25 07:01:55', 1, NULL),
(37810, 2, '2018-10-25 07:01:56', 0, NULL),
(37811, 1, '2018-10-25 07:01:58', 0, NULL),
(37812, 6, '2018-10-25 07:01:59', 1, NULL),
(37813, 6, '2018-10-25 07:02:02', 0, NULL),
(37814, 6, '2018-10-25 07:02:07', 1, NULL),
(37815, 6, '2018-10-25 07:02:10', 0, NULL),
(37816, 6, '2018-10-25 07:02:20', 1, NULL),
(37817, 6, '2018-10-25 07:02:22', 0, NULL),
(37818, 6, '2018-10-25 07:03:06', 1, NULL),
(37819, 6, '2018-10-25 07:03:08', 0, NULL),
(37820, 6, '2018-10-25 07:03:14', 1, NULL),
(37821, 6, '2018-10-25 07:03:17', 0, NULL),
(37822, 6, '2018-10-25 07:03:24', 1, NULL),
(37823, 6, '2018-10-25 07:03:26', 0, NULL),
(37824, 6, '2018-10-25 07:03:33', 1, NULL),
(37825, 6, '2018-10-25 07:03:35', 0, NULL),
(37826, 6, '2018-10-25 07:03:42', 1, NULL),
(37827, 6, '2018-10-25 07:03:44', 0, NULL),
(37828, 3, '2018-10-25 07:04:10', 0, NULL),
(37829, 1, '2018-10-25 07:04:10', 1, NULL),
(37830, 1, '2018-10-25 07:04:13', 0, NULL),
(37831, 3, '2018-10-25 07:04:14', 1, NULL),
(37832, 1, '2018-10-25 07:04:21', 1, NULL),
(37833, 1, '2018-10-25 07:04:24', 0, NULL),
(37834, 1, '2018-10-25 07:04:29', 1, NULL),
(37835, 1, '2018-10-25 07:04:32', 0, NULL),
(37836, 2, '2018-10-25 07:04:57', 1, NULL),
(37837, 2, '2018-10-25 07:05:00', 0, NULL),
(37838, 2, '2018-10-25 07:05:06', 1, NULL),
(37839, 2, '2018-10-25 07:05:09', 0, NULL),
(37840, 2, '2018-10-25 07:05:21', 1, NULL),
(37841, 2, '2018-10-25 07:05:24', 0, NULL),
(37842, 2, '2018-10-25 07:05:29', 1, NULL),
(37843, 2, '2018-10-25 07:05:31', 0, NULL),
(37844, 2, '2018-10-25 07:05:37', 1, NULL),
(37845, 2, '2018-10-25 07:05:39', 0, NULL),
(37846, 2, '2018-10-25 07:06:02', 1, NULL),
(37847, 2, '2018-10-25 07:06:05', 0, NULL),
(37848, 2, '2018-10-25 07:06:10', 1, NULL),
(37849, 2, '2018-10-25 07:06:12', 0, NULL),
(37850, 2, '2018-10-25 07:06:18', 1, NULL),
(37851, 2, '2018-10-25 07:06:20', 0, NULL),
(37852, 2, '2018-10-25 07:06:27', 1, NULL),
(37853, 2, '2018-10-25 07:06:29', 0, NULL),
(37854, 2, '2018-10-25 07:06:45', 1, NULL),
(37855, 2, '2018-10-25 07:06:47', 0, NULL),
(37856, 2, '2018-10-25 07:08:10', 1, NULL),
(37857, 2, '2018-10-25 07:08:11', 0, NULL),
(37858, 2, '2018-10-25 07:08:17', 1, NULL),
(37859, 2, '2018-10-25 07:08:19', 0, NULL),
(37860, 2, '2018-10-25 07:11:47', 1, NULL),
(37861, 2, '2018-10-25 07:11:49', 0, NULL),
(37862, 6, '2018-10-25 07:11:51', 1, NULL),
(37863, 6, '2018-10-25 07:11:53', 0, NULL),
(37864, 2, '2018-10-25 07:11:54', 1, NULL),
(37865, 2, '2018-10-25 07:11:57', 0, NULL),
(37866, 2, '2018-10-25 07:12:11', 1, NULL),
(37867, 6, '2018-10-25 07:12:11', 1, NULL),
(37868, 1, '2018-10-25 07:12:12', 1, NULL),
(37869, 2, '2018-10-25 07:12:13', 0, NULL),
(37870, 6, '2018-10-25 07:12:13', 0, NULL),
(37871, 1, '2018-10-25 07:12:15', 0, NULL),
(37872, 2, '2018-10-25 07:12:18', 1, NULL),
(37873, 6, '2018-10-25 07:12:19', 1, NULL),
(37874, 2, '2018-10-25 07:12:21', 0, NULL),
(37875, 6, '2018-10-25 07:12:21', 0, NULL),
(37876, 1, '2018-10-25 07:12:23', 1, NULL),
(37877, 1, '2018-10-25 07:12:25', 0, NULL),
(37878, 2, '2018-10-25 07:12:26', 1, NULL),
(37879, 6, '2018-10-25 07:12:27', 1, NULL),
(37880, 2, '2018-10-25 07:12:28', 0, NULL),
(37881, 6, '2018-10-25 07:12:30', 0, NULL),
(37882, 1, '2018-10-25 07:12:31', 1, NULL),
(37883, 1, '2018-10-25 07:12:33', 0, NULL),
(37884, 2, '2018-10-25 07:12:34', 1, NULL),
(37885, 2, '2018-10-25 07:12:37', 0, NULL),
(37886, 2, '2018-10-25 07:12:53', 1, NULL),
(37887, 6, '2018-10-25 07:12:53', 1, NULL),
(37888, 1, '2018-10-25 07:12:55', 1, NULL),
(37889, 6, '2018-10-25 07:12:55', 0, NULL),
(37890, 2, '2018-10-25 07:12:55', 0, NULL),
(37891, 1, '2018-10-25 07:12:57', 0, NULL),
(37892, 2, '2018-10-25 07:13:00', 1, NULL),
(37893, 1, '2018-10-25 07:13:02', 1, NULL),
(37894, 6, '2018-10-25 07:13:02', 1, NULL),
(37895, 2, '2018-10-25 07:13:03', 0, NULL),
(37896, 1, '2018-10-25 07:13:04', 0, NULL),
(37897, 6, '2018-10-25 07:13:04', 0, NULL),
(37898, 2, '2018-10-25 07:13:09', 1, NULL),
(37899, 1, '2018-10-25 07:13:09', 1, NULL),
(37900, 6, '2018-10-25 07:13:10', 1, NULL),
(37901, 2, '2018-10-25 07:13:11', 0, NULL),
(37902, 1, '2018-10-25 07:13:12', 0, NULL),
(37903, 6, '2018-10-25 07:13:12', 0, NULL),
(37904, 2, '2018-10-25 07:13:15', 1, NULL),
(37905, 1, '2018-10-25 07:13:17', 1, NULL),
(37906, 6, '2018-10-25 07:13:17', 1, NULL),
(37907, 2, '2018-10-25 07:13:18', 0, NULL),
(37908, 1, '2018-10-25 07:13:19', 0, NULL),
(37909, 6, '2018-10-25 07:13:20', 0, NULL),
(37910, 2, '2018-10-25 07:13:23', 1, NULL),
(37911, 2, '2018-10-25 07:13:25', 0, NULL),
(37912, 6, '2018-10-25 07:13:25', 1, NULL),
(37913, 1, '2018-10-25 07:13:27', 1, NULL),
(37914, 6, '2018-10-25 07:13:28', 0, NULL),
(37915, 1, '2018-10-25 07:13:29', 0, NULL),
(37916, 2, '2018-10-25 07:13:30', 1, NULL),
(37917, 2, '2018-10-25 07:13:33', 0, NULL),
(37918, 1, '2018-10-25 07:13:35', 1, NULL),
(37919, 6, '2018-10-25 07:13:35', 1, NULL),
(37920, 1, '2018-10-25 07:13:37', 0, NULL),
(37921, 6, '2018-10-25 07:13:37', 0, NULL),
(37922, 2, '2018-10-25 07:13:38', 1, NULL),
(37923, 2, '2018-10-25 07:13:40', 0, NULL),
(37924, 1, '2018-10-25 07:13:43', 1, NULL),
(37925, 6, '2018-10-25 07:13:43', 1, NULL),
(37926, 2, '2018-10-25 07:13:45', 1, NULL),
(37927, 1, '2018-10-25 07:13:45', 0, NULL),
(37928, 6, '2018-10-25 07:13:45', 0, NULL),
(37929, 2, '2018-10-25 07:13:47', 0, NULL),
(37930, 6, '2018-10-25 07:13:51', 1, NULL),
(37931, 2, '2018-10-25 07:13:53', 1, NULL),
(37932, 6, '2018-10-25 07:13:53', 0, NULL),
(37933, 1, '2018-10-25 07:13:54', 1, NULL),
(37934, 2, '2018-10-25 07:13:55', 0, NULL),
(37935, 1, '2018-10-25 07:13:57', 0, NULL),
(37936, 6, '2018-10-25 07:13:59', 1, NULL),
(37937, 2, '2018-10-25 07:14:00', 1, NULL),
(37938, 1, '2018-10-25 07:14:01', 1, NULL),
(37939, 6, '2018-10-25 07:14:01', 0, NULL),
(37940, 2, '2018-10-25 07:14:02', 0, NULL),
(37941, 1, '2018-10-25 07:14:04', 0, NULL),
(37942, 6, '2018-10-25 07:14:07', 1, NULL),
(37943, 2, '2018-10-25 07:14:07', 1, NULL),
(37944, 1, '2018-10-25 07:14:09', 1, NULL),
(37945, 6, '2018-10-25 07:14:09', 0, NULL),
(37946, 2, '2018-10-25 07:14:10', 0, NULL),
(37947, 1, '2018-10-25 07:14:11', 0, NULL),
(37948, 6, '2018-10-25 07:14:14', 1, NULL),
(37949, 2, '2018-10-25 07:14:15', 1, NULL),
(37950, 6, '2018-10-25 07:14:17', 0, NULL),
(37951, 2, '2018-10-25 07:14:17', 0, NULL),
(37952, 1, '2018-10-25 07:14:19', 1, NULL),
(37953, 1, '2018-10-25 07:14:20', 0, NULL),
(37954, 6, '2018-10-25 07:14:22', 1, NULL),
(37955, 2, '2018-10-25 07:14:23', 1, NULL),
(37956, 6, '2018-10-25 07:14:24', 0, NULL),
(37957, 2, '2018-10-25 07:14:26', 0, NULL),
(37958, 1, '2018-10-25 07:14:28', 1, NULL),
(37959, 1, '2018-10-25 07:14:30', 0, NULL),
(37960, 6, '2018-10-25 07:14:30', 1, NULL),
(37961, 2, '2018-10-25 07:14:30', 1, NULL),
(37962, 6, '2018-10-25 07:14:32', 0, NULL),
(37963, 2, '2018-10-25 07:14:33', 0, NULL),
(37964, 1, '2018-10-25 07:14:37', 1, NULL),
(37965, 6, '2018-10-25 07:14:38', 1, NULL),
(37966, 2, '2018-10-25 07:14:38', 1, NULL),
(37967, 1, '2018-10-25 07:14:39', 0, NULL),
(37968, 6, '2018-10-25 07:14:40', 0, NULL),
(37969, 2, '2018-10-25 07:14:41', 0, NULL),
(37970, 1, '2018-10-25 07:14:44', 1, NULL),
(37971, 6, '2018-10-25 07:14:45', 1, NULL),
(37972, 1, '2018-10-25 07:14:47', 0, NULL),
(37973, 2, '2018-10-25 07:14:47', 1, NULL),
(37974, 6, '2018-10-25 07:14:48', 0, NULL),
(37975, 2, '2018-10-25 07:14:49', 0, NULL),
(37976, 1, '2018-10-25 07:14:52', 1, NULL),
(37977, 2, '2018-10-25 07:14:54', 1, NULL),
(37978, 6, '2018-10-25 07:14:54', 1, NULL),
(37979, 1, '2018-10-25 07:14:54', 0, NULL),
(37980, 2, '2018-10-25 07:14:56', 0, NULL),
(37981, 6, '2018-10-25 07:14:56', 0, NULL),
(37982, 1, '2018-10-25 07:14:59', 1, NULL),
(37983, 2, '2018-10-25 07:15:01', 1, NULL),
(37984, 6, '2018-10-25 07:15:01', 1, NULL),
(37985, 1, '2018-10-25 07:15:02', 0, NULL),
(37986, 2, '2018-10-25 07:15:03', 0, NULL),
(37987, 6, '2018-10-25 07:15:03', 0, NULL),
(37988, 1, '2018-10-25 07:15:07', 1, NULL),
(37989, 6, '2018-10-25 07:15:09', 1, NULL),
(37990, 1, '2018-10-25 07:15:09', 0, NULL),
(37991, 2, '2018-10-25 07:15:10', 1, NULL),
(37992, 6, '2018-10-25 07:15:11', 0, NULL),
(37993, 2, '2018-10-25 07:15:13', 0, NULL),
(37994, 1, '2018-10-25 07:15:15', 1, NULL),
(37995, 6, '2018-10-25 07:15:17', 1, NULL),
(37996, 1, '2018-10-25 07:15:17', 0, NULL),
(37997, 2, '2018-10-25 07:15:17', 1, NULL),
(37998, 6, '2018-10-25 07:15:19', 0, NULL),
(37999, 2, '2018-10-25 07:15:20', 0, NULL),
(38000, 1, '2018-10-25 07:15:23', 1, NULL),
(38001, 6, '2018-10-25 07:15:25', 1, NULL),
(38002, 1, '2018-10-25 07:15:25', 0, NULL),
(38003, 2, '2018-10-25 07:15:26', 1, NULL),
(38004, 6, '2018-10-25 07:15:27', 0, NULL),
(38005, 2, '2018-10-25 07:15:28', 0, NULL),
(38006, 1, '2018-10-25 07:15:30', 1, NULL),
(38007, 1, '2018-10-25 07:15:32', 0, NULL),
(38008, 6, '2018-10-25 07:15:32', 1, NULL),
(38009, 2, '2018-10-25 07:15:34', 1, NULL),
(38010, 6, '2018-10-25 07:15:35', 0, NULL),
(38011, 2, '2018-10-25 07:15:36', 0, NULL),
(38012, 1, '2018-10-25 07:15:38', 1, NULL),
(38013, 1, '2018-10-25 07:15:40', 0, NULL),
(38014, 6, '2018-10-25 07:15:40', 1, NULL),
(38015, 2, '2018-10-25 07:15:41', 1, NULL),
(38016, 6, '2018-10-25 07:15:42', 0, NULL),
(38017, 2, '2018-10-25 07:15:43', 0, NULL),
(38018, 1, '2018-10-25 07:15:45', 1, NULL),
(38019, 1, '2018-10-25 07:15:47', 0, NULL),
(38020, 2, '2018-10-25 07:15:49', 1, NULL),
(38021, 6, '2018-10-25 07:15:49', 1, NULL),
(38022, 2, '2018-10-25 07:15:51', 0, NULL),
(38023, 6, '2018-10-25 07:15:51', 0, NULL),
(38024, 1, '2018-10-25 07:15:53', 1, NULL),
(38025, 1, '2018-10-25 07:15:56', 0, NULL),
(38026, 6, '2018-10-25 07:15:57', 1, NULL),
(38027, 2, '2018-10-25 07:15:57', 1, NULL),
(38028, 6, '2018-10-25 07:16:00', 0, NULL),
(38029, 2, '2018-10-25 07:16:00', 0, NULL),
(38030, 1, '2018-10-25 07:16:00', 1, NULL),
(38031, 1, '2018-10-25 07:16:02', 0, NULL),
(38032, 2, '2018-10-25 07:16:04', 1, NULL),
(38033, 6, '2018-10-25 07:16:05', 1, NULL),
(38034, 2, '2018-10-25 07:16:07', 0, NULL),
(38035, 6, '2018-10-25 07:16:07', 0, NULL),
(38036, 1, '2018-10-25 07:16:09', 1, NULL),
(38037, 1, '2018-10-25 07:16:11', 0, NULL),
(38038, 2, '2018-10-25 07:16:12', 1, NULL),
(38039, 6, '2018-10-25 07:16:14', 1, NULL),
(38040, 2, '2018-10-25 07:16:14', 0, NULL),
(38041, 1, '2018-10-25 07:16:16', 1, NULL),
(38042, 6, '2018-10-25 07:16:16', 0, NULL),
(38043, 1, '2018-10-25 07:16:18', 0, NULL),
(38044, 2, '2018-10-25 07:16:19', 1, NULL),
(38045, 2, '2018-10-25 07:16:21', 0, NULL),
(38046, 6, '2018-10-25 07:16:21', 1, NULL),
(38047, 6, '2018-10-25 07:16:24', 0, NULL),
(38048, 1, '2018-10-25 07:16:24', 1, NULL),
(38049, 2, '2018-10-25 07:16:27', 1, NULL),
(38050, 1, '2018-10-25 07:16:27', 0, NULL),
(38051, 2, '2018-10-25 07:16:29', 0, NULL),
(38052, 6, '2018-10-25 07:16:29', 1, NULL),
(38053, 6, '2018-10-25 07:16:33', 0, NULL),
(38054, 1, '2018-10-25 07:16:37', 1, NULL),
(38055, 2, '2018-10-25 07:16:37', 1, NULL),
(38056, 1, '2018-10-25 07:16:39', 0, NULL),
(38057, 2, '2018-10-25 07:16:39', 0, NULL),
(38058, 1, '2018-10-25 07:16:41', 1, NULL),
(38059, 2, '2018-10-25 07:16:41', 1, NULL),
(38060, 6, '2018-10-25 07:16:41', 1, NULL),
(38061, 1, '2018-10-25 07:16:44', 0, NULL),
(38062, 6, '2018-10-25 07:16:44', 0, NULL),
(38063, 2, '2018-10-25 07:16:44', 0, NULL),
(38064, 1, '2018-10-25 07:16:50', 1, NULL),
(38065, 6, '2018-10-25 07:16:50', 1, NULL),
(38066, 1, '2018-10-25 07:16:51', 0, NULL),
(38067, 2, '2018-10-25 07:16:52', 0, NULL),
(38068, 6, '2018-10-25 07:16:52', 0, NULL),
(38069, 2, '2018-10-25 07:16:58', 1, NULL),
(38070, 2, '2018-10-25 07:16:59', 0, NULL),
(38071, 6, '2018-10-25 07:16:59', 1, NULL),
(38072, 1, '2018-10-25 07:17:00', 1, NULL),
(38073, 6, '2018-10-25 07:17:01', 0, NULL),
(38074, 1, '2018-10-25 07:17:03', 0, NULL),
(38075, 2, '2018-10-25 07:17:04', 1, NULL),
(38076, 2, '2018-10-25 07:17:07', 0, NULL),
(38077, 6, '2018-10-25 07:17:07', 1, NULL),
(38078, 1, '2018-10-25 07:17:07', 1, NULL),
(38079, 6, '2018-10-25 07:17:09', 0, NULL),
(38080, 1, '2018-10-25 07:17:10', 0, NULL),
(38081, 2, '2018-10-25 07:17:12', 1, NULL),
(38082, 2, '2018-10-25 07:17:14', 0, NULL),
(38083, 6, '2018-10-25 07:17:15', 1, NULL),
(38084, 1, '2018-10-25 07:17:15', 1, NULL),
(38085, 6, '2018-10-25 07:17:17', 0, NULL),
(38086, 1, '2018-10-25 07:17:17', 0, NULL),
(38087, 2, '2018-10-25 07:17:19', 1, NULL),
(38088, 2, '2018-10-25 07:17:22', 0, NULL),
(38089, 1, '2018-10-25 07:17:23', 1, NULL),
(38090, 6, '2018-10-25 07:17:23', 1, NULL),
(38091, 1, '2018-10-25 07:17:26', 0, NULL),
(38092, 6, '2018-10-25 07:17:26', 0, NULL),
(38093, 2, '2018-10-25 07:17:27', 1, NULL),
(38094, 2, '2018-10-25 07:17:29', 0, NULL),
(38095, 1, '2018-10-25 07:17:31', 1, NULL),
(38096, 6, '2018-10-25 07:17:31', 1, NULL),
(38097, 1, '2018-10-25 07:17:33', 0, NULL),
(38098, 6, '2018-10-25 07:17:33', 0, NULL),
(38099, 2, '2018-10-25 07:17:35', 1, NULL),
(38100, 2, '2018-10-25 07:17:37', 0, NULL),
(38101, 1, '2018-10-25 07:17:39', 1, NULL),
(38102, 6, '2018-10-25 07:17:39', 1, NULL),
(38103, 1, '2018-10-25 07:17:41', 0, NULL),
(38104, 6, '2018-10-25 07:17:41', 0, NULL),
(38105, 2, '2018-10-25 07:17:42', 1, NULL),
(38106, 2, '2018-10-25 07:17:44', 0, NULL),
(38107, 1, '2018-10-25 07:17:46', 1, NULL),
(38108, 6, '2018-10-25 07:17:47', 1, NULL),
(38109, 1, '2018-10-25 07:17:48', 0, NULL),
(38110, 6, '2018-10-25 07:17:49', 0, NULL),
(38111, 2, '2018-10-25 07:17:50', 1, NULL),
(38112, 2, '2018-10-25 07:17:52', 0, NULL),
(38113, 1, '2018-10-25 07:17:54', 1, NULL),
(38114, 1, '2018-10-25 07:17:55', 0, NULL),
(38115, 6, '2018-10-25 07:17:55', 1, NULL),
(38116, 2, '2018-10-25 07:17:57', 1, NULL),
(38117, 6, '2018-10-25 07:17:58', 0, NULL),
(38118, 2, '2018-10-25 07:17:59', 0, NULL),
(38119, 1, '2018-10-25 07:18:01', 1, NULL),
(38120, 1, '2018-10-25 07:18:04', 0, NULL),
(38121, 6, '2018-10-25 07:18:04', 1, NULL),
(38122, 2, '2018-10-25 07:18:05', 1, NULL),
(38123, 6, '2018-10-25 07:18:05', 0, NULL),
(38124, 2, '2018-10-25 07:18:07', 0, NULL),
(38125, 1, '2018-10-25 07:18:08', 1, NULL),
(38126, 1, '2018-10-25 07:18:10', 0, NULL),
(38127, 6, '2018-10-25 07:18:11', 1, NULL),
(38128, 2, '2018-10-25 07:18:12', 1, NULL),
(38129, 6, '2018-10-25 07:18:14', 0, NULL),
(38130, 2, '2018-10-25 07:18:14', 0, NULL),
(38131, 1, '2018-10-25 07:18:15', 1, NULL),
(38132, 1, '2018-10-25 07:18:17', 0, NULL),
(38133, 6, '2018-10-25 07:18:20', 1, NULL),
(38134, 2, '2018-10-25 07:18:20', 1, NULL),
(38135, 6, '2018-10-25 07:18:22', 0, NULL),
(38136, 2, '2018-10-25 07:18:22', 0, NULL),
(38137, 1, '2018-10-25 07:18:24', 1, NULL),
(38138, 1, '2018-10-25 07:18:26', 0, NULL),
(38139, 2, '2018-10-25 07:18:27', 1, NULL),
(38140, 6, '2018-10-25 07:18:28', 1, NULL),
(38141, 2, '2018-10-25 07:18:30', 0, NULL),
(38142, 6, '2018-10-25 07:18:30', 0, NULL),
(38143, 1, '2018-10-25 07:18:33', 1, NULL),
(38144, 1, '2018-10-25 07:18:34', 0, NULL),
(38145, 2, '2018-10-25 07:18:36', 1, NULL),
(38146, 6, '2018-10-25 07:18:36', 1, NULL),
(38147, 6, '2018-10-25 07:18:38', 0, NULL),
(38148, 2, '2018-10-25 07:18:38', 0, NULL),
(38149, 1, '2018-10-25 07:18:39', 1, NULL),
(38150, 1, '2018-10-25 07:18:42', 0, NULL),
(38151, 2, '2018-10-25 07:18:43', 1, NULL),
(38152, 6, '2018-10-25 07:18:44', 1, NULL),
(38153, 2, '2018-10-25 07:18:47', 0, NULL),
(38154, 6, '2018-10-25 07:18:47', 0, NULL),
(38155, 1, '2018-10-25 07:18:48', 1, NULL),
(38156, 1, '2018-10-25 07:18:50', 0, NULL),
(38157, 2, '2018-10-25 07:18:51', 1, NULL),
(38158, 6, '2018-10-25 07:18:51', 1, NULL),
(38159, 2, '2018-10-25 07:18:53', 0, NULL),
(38160, 6, '2018-10-25 07:18:55', 0, NULL),
(38161, 1, '2018-10-25 07:18:57', 1, NULL),
(38162, 1, '2018-10-25 07:18:58', 0, NULL),
(38163, 2, '2018-10-25 07:18:58', 1, NULL),
(38164, 6, '2018-10-25 07:18:59', 1, NULL),
(38165, 2, '2018-10-25 07:19:00', 0, NULL),
(38166, 6, '2018-10-25 07:19:02', 0, NULL),
(38167, 1, '2018-10-25 07:19:04', 1, NULL),
(38168, 1, '2018-10-25 07:19:05', 0, NULL),
(38169, 6, '2018-10-25 07:19:08', 1, NULL),
(38170, 2, '2018-10-25 07:19:08', 1, NULL),
(38171, 6, '2018-10-25 07:19:10', 0, NULL),
(38172, 1, '2018-10-25 07:19:10', 1, NULL),
(38173, 2, '2018-10-25 07:19:10', 0, NULL),
(38174, 1, '2018-10-25 07:19:12', 0, NULL),
(38175, 2, '2018-10-25 07:19:17', 1, NULL),
(38176, 6, '2018-10-25 07:19:18', 1, NULL),
(38177, 2, '2018-10-25 07:19:19', 0, NULL),
(38178, 1, '2018-10-25 07:19:20', 1, NULL),
(38179, 6, '2018-10-25 07:19:20', 0, NULL),
(38180, 1, '2018-10-25 07:19:22', 0, NULL),
(38181, 2, '2018-10-25 07:19:25', 1, NULL),
(38182, 6, '2018-10-25 07:19:26', 1, NULL),
(38183, 2, '2018-10-25 07:19:27', 0, NULL),
(38184, 1, '2018-10-25 07:19:27', 1, NULL),
(38185, 6, '2018-10-25 07:19:28', 0, NULL),
(38186, 1, '2018-10-25 07:19:29', 0, NULL),
(38187, 2, '2018-10-25 07:19:32', 1, NULL),
(38188, 6, '2018-10-25 07:19:33', 1, NULL),
(38189, 1, '2018-10-25 07:19:35', 1, NULL),
(38190, 2, '2018-10-25 07:19:35', 0, NULL),
(38191, 6, '2018-10-25 07:19:36', 0, NULL),
(38192, 1, '2018-10-25 07:19:37', 0, NULL),
(38193, 2, '2018-10-25 07:19:40', 1, NULL),
(38194, 6, '2018-10-25 07:19:41', 1, NULL),
(38195, 1, '2018-10-25 07:19:42', 1, NULL),
(38196, 2, '2018-10-25 07:19:43', 0, NULL),
(38197, 6, '2018-10-25 07:19:44', 0, NULL),
(38198, 1, '2018-10-25 07:19:44', 0, NULL),
(38199, 2, '2018-10-25 07:19:48', 1, NULL),
(38200, 1, '2018-10-25 07:19:49', 1, NULL),
(38201, 2, '2018-10-25 07:19:51', 0, NULL),
(38202, 1, '2018-10-25 07:19:52', 0, NULL),
(38203, 6, '2018-10-25 07:19:52', 1, NULL),
(38204, 6, '2018-10-25 07:19:56', 0, NULL),
(38205, 2, '2018-10-25 07:19:56', 1, NULL),
(38206, 1, '2018-10-25 07:19:57', 1, NULL),
(38207, 2, '2018-10-25 07:19:57', 0, NULL),
(38208, 1, '2018-10-25 07:19:58', 0, NULL),
(38209, 6, '2018-10-25 07:20:00', 1, NULL),
(38210, 2, '2018-10-25 07:20:02', 1, NULL),
(38211, 6, '2018-10-25 07:20:02', 0, NULL),
(38212, 1, '2018-10-25 07:20:03', 1, NULL),
(38213, 2, '2018-10-25 07:20:04', 0, NULL),
(38214, 1, '2018-10-25 07:20:06', 0, NULL),
(38215, 6, '2018-10-25 07:20:08', 1, NULL),
(38216, 2, '2018-10-25 07:20:10', 1, NULL),
(38217, 1, '2018-10-25 07:20:10', 1, NULL),
(38218, 6, '2018-10-25 07:20:11', 0, NULL),
(38219, 2, '2018-10-25 07:20:12', 0, NULL),
(38220, 1, '2018-10-25 07:20:13', 0, NULL),
(38221, 6, '2018-10-25 07:20:16', 1, NULL),
(38222, 2, '2018-10-25 07:20:17', 1, NULL),
(38223, 1, '2018-10-25 07:20:18', 1, NULL),
(38224, 6, '2018-10-25 07:20:18', 0, NULL),
(38225, 2, '2018-10-25 07:20:20', 0, NULL),
(38226, 1, '2018-10-25 07:20:20', 0, NULL),
(38227, 6, '2018-10-25 07:20:24', 1, NULL),
(38228, 2, '2018-10-25 07:20:25', 1, NULL),
(38229, 1, '2018-10-25 07:20:26', 1, NULL),
(38230, 6, '2018-10-25 07:20:26', 0, NULL),
(38231, 2, '2018-10-25 07:20:27', 0, NULL),
(38232, 1, '2018-10-25 07:20:28', 0, NULL),
(38233, 6, '2018-10-25 07:20:32', 1, NULL),
(38234, 2, '2018-10-25 07:20:33', 1, NULL),
(38235, 1, '2018-10-25 07:20:33', 1, NULL),
(38236, 6, '2018-10-25 07:20:34', 0, NULL),
(38237, 2, '2018-10-25 07:20:35', 0, NULL),
(38238, 1, '2018-10-25 07:20:36', 0, NULL),
(38239, 6, '2018-10-25 07:20:39', 1, NULL),
(38240, 2, '2018-10-25 07:20:42', 1, NULL),
(38241, 1, '2018-10-25 07:20:42', 1, NULL),
(38242, 6, '2018-10-25 07:20:42', 0, NULL),
(38243, 2, '2018-10-25 07:20:43', 0, NULL),
(38244, 1, '2018-10-25 07:20:44', 0, NULL),
(38245, 6, '2018-10-25 07:20:47', 1, NULL),
(38246, 2, '2018-10-25 07:20:48', 1, NULL),
(38247, 1, '2018-10-25 07:20:49', 1, NULL),
(38248, 6, '2018-10-25 07:20:50', 0, NULL),
(38249, 2, '2018-10-25 07:20:50', 0, NULL),
(38250, 1, '2018-10-25 07:20:51', 0, NULL),
(38251, 6, '2018-10-25 07:20:56', 1, NULL),
(38252, 2, '2018-10-25 07:20:56', 1, NULL),
(38253, 6, '2018-10-25 07:20:58', 0, NULL),
(38254, 2, '2018-10-25 07:20:58', 0, NULL),
(38255, 1, '2018-10-25 07:20:58', 1, NULL),
(38256, 1, '2018-10-25 07:21:01', 0, NULL),
(38257, 1, '2018-10-25 07:21:08', 1, NULL),
(38258, 2, '2018-10-25 07:21:08', 1, NULL),
(38259, 6, '2018-10-25 07:21:08', 1, NULL),
(38260, 3, '2018-10-25 07:21:08', 0, NULL),
(38261, 1, '2018-10-25 07:21:10', 0, NULL),
(38262, 2, '2018-10-25 07:21:10', 0, NULL),
(38263, 6, '2018-10-25 07:21:10', 0, NULL),
(38264, 1, '2018-10-25 07:21:14', 1, NULL),
(38265, 2, '2018-10-25 07:21:14', 1, NULL),
(38266, 6, '2018-10-25 07:21:15', 1, NULL),
(38267, 1, '2018-10-25 07:21:16', 0, NULL),
(38268, 2, '2018-10-25 07:21:17', 0, NULL),
(38269, 6, '2018-10-25 07:21:17', 0, NULL),
(38270, 1, '2018-10-25 07:21:24', 1, NULL),
(38271, 1, '2018-10-25 07:21:26', 0, NULL),
(38272, 3, '2018-10-25 07:21:28', 1, NULL),
(38273, 2, '2018-10-25 07:21:29', 1, NULL),
(38274, 6, '2018-10-25 07:21:31', 1, NULL),
(38275, 1, '2018-10-25 07:21:32', 1, NULL),
(38276, 2, '2018-10-25 07:21:32', 0, NULL),
(38277, 6, '2018-10-25 07:21:32', 0, NULL),
(38278, 1, '2018-10-25 07:21:33', 0, NULL),
(38279, 2, '2018-10-25 07:21:38', 1, NULL),
(38280, 6, '2018-10-25 07:21:38', 1, NULL),
(38281, 1, '2018-10-25 07:21:39', 1, NULL),
(38282, 2, '2018-10-25 07:21:40', 0, NULL),
(38283, 6, '2018-10-25 07:21:40', 0, NULL),
(38284, 1, '2018-10-25 07:21:41', 0, NULL),
(38285, 2, '2018-10-25 07:21:45', 1, NULL),
(38286, 1, '2018-10-25 07:21:46', 1, NULL),
(38287, 6, '2018-10-25 07:21:46', 1, NULL),
(38288, 2, '2018-10-25 07:21:47', 0, NULL),
(38289, 6, '2018-10-25 07:21:48', 0, NULL),
(38290, 1, '2018-10-25 07:21:49', 0, NULL),
(38291, 2, '2018-10-25 07:21:52', 1, NULL),
(38292, 2, '2018-10-25 07:21:55', 0, NULL),
(38293, 6, '2018-10-25 07:21:55', 1, NULL),
(38294, 1, '2018-10-25 07:21:57', 1, NULL),
(38295, 6, '2018-10-25 07:21:57', 0, NULL),
(38296, 1, '2018-10-25 07:21:59', 0, NULL),
(38297, 2, '2018-10-25 07:22:02', 1, NULL),
(38298, 6, '2018-10-25 07:22:03', 1, NULL),
(38299, 2, '2018-10-25 07:22:03', 0, NULL),
(38300, 1, '2018-10-25 07:22:05', 1, NULL),
(38301, 6, '2018-10-25 07:22:05', 0, NULL),
(38302, 1, '2018-10-25 07:22:07', 0, NULL),
(38303, 2, '2018-10-25 07:22:08', 1, NULL),
(38304, 6, '2018-10-25 07:22:10', 1, NULL),
(38305, 2, '2018-10-25 07:22:11', 0, NULL),
(38306, 1, '2018-10-25 07:22:12', 1, NULL),
(38307, 6, '2018-10-25 07:22:13', 0, NULL),
(38308, 1, '2018-10-25 07:22:14', 0, NULL),
(38309, 2, '2018-10-25 07:22:15', 1, NULL),
(38310, 2, '2018-10-25 07:22:18', 0, NULL),
(38311, 6, '2018-10-25 07:22:18', 1, NULL),
(38312, 1, '2018-10-25 07:22:20', 1, NULL),
(38313, 6, '2018-10-25 07:22:21', 0, NULL),
(38314, 1, '2018-10-25 07:22:21', 0, NULL),
(38315, 2, '2018-10-25 07:22:23', 1, NULL),
(38316, 2, '2018-10-25 07:22:25', 0, NULL),
(38317, 6, '2018-10-25 07:22:26', 1, NULL),
(38318, 1, '2018-10-25 07:22:28', 1, NULL),
(38319, 6, '2018-10-25 07:22:29', 0, NULL),
(38320, 1, '2018-10-25 07:22:29', 0, NULL),
(38321, 2, '2018-10-25 07:22:30', 1, NULL),
(38322, 2, '2018-10-25 07:22:33', 0, NULL),
(38323, 6, '2018-10-25 07:22:35', 1, NULL),
(38324, 1, '2018-10-25 07:22:36', 1, NULL),
(38325, 6, '2018-10-25 07:22:36', 0, NULL),
(38326, 1, '2018-10-25 07:22:37', 0, NULL),
(38327, 2, '2018-10-25 07:22:37', 1, NULL),
(38328, 2, '2018-10-25 07:22:40', 0, NULL),
(38329, 1, '2018-10-25 07:22:43', 1, NULL),
(38330, 6, '2018-10-25 07:22:43', 1, NULL),
(38331, 1, '2018-10-25 07:22:46', 0, NULL),
(38332, 6, '2018-10-25 07:22:46', 0, NULL),
(38333, 2, '2018-10-25 07:22:46', 1, NULL),
(38334, 2, '2018-10-25 07:22:48', 0, NULL),
(38335, 1, '2018-10-25 07:22:51', 1, NULL),
(38336, 6, '2018-10-25 07:22:51', 1, NULL),
(38337, 2, '2018-10-25 07:22:52', 1, NULL),
(38338, 1, '2018-10-25 07:22:54', 0, NULL),
(38339, 6, '2018-10-25 07:22:55', 0, NULL),
(38340, 2, '2018-10-25 07:22:55', 0, NULL),
(38341, 1, '2018-10-25 07:23:00', 1, NULL),
(38342, 1, '2018-10-25 07:23:01', 0, NULL),
(38343, 2, '2018-10-25 07:23:01', 1, NULL),
(38344, 6, '2018-10-25 07:23:01', 1, NULL),
(38345, 2, '2018-10-25 07:23:03', 0, NULL),
(38346, 6, '2018-10-25 07:23:03', 0, NULL),
(38347, 1, '2018-10-25 07:23:06', 1, NULL),
(38348, 2, '2018-10-25 07:23:08', 1, NULL),
(38349, 1, '2018-10-25 07:23:08', 0, NULL),
(38350, 6, '2018-10-25 07:23:09', 1, NULL),
(38351, 2, '2018-10-25 07:23:10', 0, NULL),
(38352, 6, '2018-10-25 07:23:11', 0, NULL),
(38353, 1, '2018-10-25 07:23:14', 1, NULL),
(38354, 2, '2018-10-25 07:23:15', 1, NULL),
(38355, 1, '2018-10-25 07:23:16', 0, NULL),
(38356, 6, '2018-10-25 07:23:16', 1, NULL),
(38357, 2, '2018-10-25 07:23:18', 0, NULL),
(38358, 6, '2018-10-25 07:23:19', 0, NULL),
(38359, 2, '2018-10-25 07:23:22', 1, NULL),
(38360, 2, '2018-10-25 07:23:25', 0, NULL),
(38361, 6, '2018-10-25 07:23:27', 1, NULL),
(38362, 6, '2018-10-25 07:23:29', 0, NULL),
(38363, 2, '2018-10-25 07:23:31', 1, NULL),
(38364, 2, '2018-10-25 07:23:33', 0, NULL),
(38365, 6, '2018-10-25 07:23:34', 1, NULL),
(38366, 6, '2018-10-25 07:23:37', 0, NULL),
(38367, 2, '2018-10-25 07:23:39', 1, NULL),
(38368, 2, '2018-10-25 07:23:41', 0, NULL),
(38369, 6, '2018-10-25 07:23:42', 1, NULL),
(38370, 6, '2018-10-25 07:23:45', 0, NULL),
(38371, 2, '2018-10-25 07:23:46', 1, NULL),
(38372, 1, '2018-10-25 07:23:46', 1, NULL),
(38373, 2, '2018-10-25 07:23:48', 0, NULL),
(38374, 1, '2018-10-25 07:23:49', 0, NULL),
(38375, 6, '2018-10-25 07:23:52', 1, NULL),
(38376, 6, '2018-10-25 07:23:54', 0, NULL),
(38377, 2, '2018-10-25 07:23:56', 1, NULL),
(38378, 2, '2018-10-25 07:23:58', 0, NULL),
(38379, 1, '2018-10-25 07:23:59', 1, NULL),
(38380, 6, '2018-10-25 07:24:00', 1, NULL),
(38381, 1, '2018-10-25 07:24:02', 0, NULL),
(38382, 6, '2018-10-25 07:24:02', 0, NULL),
(38383, 2, '2018-10-25 07:24:03', 1, NULL),
(38384, 2, '2018-10-25 07:24:05', 0, NULL),
(38385, 1, '2018-10-25 07:24:07', 1, NULL),
(38386, 6, '2018-10-25 07:24:08', 1, NULL),
(38387, 1, '2018-10-25 07:24:09', 0, NULL),
(38388, 2, '2018-10-25 07:24:10', 1, NULL),
(38389, 6, '2018-10-25 07:24:10', 0, NULL),
(38390, 2, '2018-10-25 07:24:13', 0, NULL),
(38391, 2, '2018-10-25 07:24:25', 1, NULL),
(38392, 2, '2018-10-25 07:24:28', 0, NULL),
(38393, 2, '2018-10-25 07:24:47', 1, NULL),
(38394, 2, '2018-10-25 07:24:49', 0, NULL),
(38395, 6, '2018-10-25 07:24:50', 1, NULL),
(38396, 6, '2018-10-25 07:24:52', 0, NULL),
(38397, 2, '2018-10-25 07:24:55', 1, NULL),
(38398, 2, '2018-10-25 07:24:56', 0, NULL),
(38399, 6, '2018-10-25 07:24:59', 1, NULL),
(38400, 6, '2018-10-25 07:25:02', 0, NULL),
(38401, 2, '2018-10-25 07:25:02', 1, NULL),
(38402, 2, '2018-10-25 07:25:04', 0, NULL),
(38403, 6, '2018-10-25 07:25:07', 1, NULL),
(38404, 6, '2018-10-25 07:25:10', 0, NULL),
(38405, 2, '2018-10-25 07:26:32', 1, NULL),
(38406, 6, '2018-10-25 07:26:32', 1, NULL),
(38407, 1, '2018-10-25 07:26:34', 1, NULL),
(38408, 2, '2018-10-25 07:26:38', 0, NULL),
(38409, 6, '2018-10-25 07:26:38', 0, NULL),
(38410, 1, '2018-10-25 07:26:39', 0, NULL),
(38411, 2, '2018-10-25 07:26:40', 1, NULL),
(38412, 1, '2018-10-25 07:26:41', 1, NULL),
(38413, 6, '2018-10-25 07:26:41', 1, NULL),
(38414, 2, '2018-10-25 07:26:42', 0, NULL),
(38415, 1, '2018-10-25 07:26:43', 0, NULL),
(38416, 6, '2018-10-25 07:26:43', 0, NULL),
(38417, 2, '2018-10-25 07:26:48', 1, NULL),
(38418, 2, '2018-10-25 07:26:50', 0, NULL),
(38419, 6, '2018-10-25 07:26:53', 1, NULL),
(38420, 2, '2018-10-25 07:26:55', 1, NULL),
(38421, 6, '2018-10-25 07:26:55', 0, NULL),
(38422, 2, '2018-10-25 07:26:57', 0, NULL),
(38423, 6, '2018-10-25 07:27:00', 1, NULL),
(38424, 6, '2018-10-25 07:27:03', 0, NULL),
(38425, 2, '2018-10-25 07:27:25', 1, NULL),
(38426, 1, '2018-10-25 07:27:27', 1, NULL),
(38427, 6, '2018-10-25 07:27:27', 1, NULL),
(38428, 2, '2018-10-25 07:27:28', 0, NULL),
(38429, 1, '2018-10-25 07:27:29', 0, NULL),
(38430, 6, '2018-10-25 07:27:29', 0, NULL),
(38431, 2, '2018-10-25 07:27:33', 1, NULL),
(38432, 2, '2018-10-25 07:27:36', 0, NULL),
(38433, 6, '2018-10-25 07:27:38', 1, NULL),
(38434, 1, '2018-10-25 07:27:38', 1, NULL),
(38435, 6, '2018-10-25 07:27:40', 0, NULL),
(38436, 1, '2018-10-25 07:27:40', 0, NULL),
(38437, 2, '2018-10-25 07:27:41', 1, NULL),
(38438, 2, '2018-10-25 07:27:43', 0, NULL),
(38439, 6, '2018-10-25 07:27:46', 1, NULL),
(38440, 1, '2018-10-25 07:27:46', 1, NULL),
(38441, 2, '2018-10-25 07:27:48', 1, NULL),
(38442, 6, '2018-10-25 07:27:48', 0, NULL),
(38443, 1, '2018-10-25 07:27:49', 0, NULL),
(38444, 2, '2018-10-25 07:27:51', 0, NULL),
(38445, 6, '2018-10-25 07:30:30', 1, NULL),
(38446, 6, '2018-10-25 07:30:31', 0, NULL),
(38447, 6, '2018-10-25 07:30:32', 1, NULL),
(38448, 6, '2018-10-25 07:30:35', 0, NULL),
(38449, 6, '2018-10-25 07:30:56', 1, NULL),
(38450, 6, '2018-10-25 07:30:59', 0, NULL),
(38451, 6, '2018-10-25 07:31:05', 1, NULL),
(38452, 6, '2018-10-25 07:31:07', 0, NULL),
(38453, 2, '2018-10-25 07:31:15', 1, NULL),
(38454, 2, '2018-10-25 07:31:18', 0, NULL),
(38455, 2, '2018-10-25 07:31:23', 1, NULL),
(38456, 2, '2018-10-25 07:31:25', 0, NULL),
(38457, 2, '2018-10-25 07:31:30', 1, NULL),
(38458, 2, '2018-10-25 07:31:33', 0, NULL),
(38459, 2, '2018-10-25 07:31:41', 1, NULL),
(38460, 2, '2018-10-25 07:31:43', 0, NULL),
(38461, 5, '2018-10-25 09:19:22', 1, NULL);

-- --------------------------------------------------------

--
-- Структура таблицы `Setup_Parameter`
--

CREATE TABLE IF NOT EXISTS `Setup_Parameter` (
  `Parameter_ID` bigint(20) unsigned NOT NULL,
  `Name` varchar(255) COLLATE utf8mb4_unicode_ci NOT NULL,
  `VALUE` varchar(255) COLLATE utf8mb4_unicode_ci DEFAULT NULL COMMENT 'Текстовое значение',
  `Note` varchar(255) COLLATE utf8mb4_unicode_ci NOT NULL COMMENT 'Примечание',
  `Active_Flag` tinyint(1) NOT NULL DEFAULT '1'
) ENGINE=InnoDB AUTO_INCREMENT=3 DEFAULT CHARSET=utf8mb4 COLLATE=utf8mb4_unicode_ci COMMENT='Набор параметров для системы';

--
-- Дамп данных таблицы `Setup_Parameter`
--

INSERT INTO `Setup_Parameter` (`Parameter_ID`, `Name`, `VALUE`, `Note`, `Active_Flag`) VALUES
(1, 'param1', '100', '', 1),
(2, 'Param2', '1', '', 1);

-- --------------------------------------------------------

--
-- Структура таблицы `Thermometer`
--

CREATE TABLE IF NOT EXISTS `Thermometer` (
  `Thermometer_ID` smallint(5) unsigned NOT NULL,
  `Name` varchar(100) COLLATE utf8mb4_unicode_ci NOT NULL,
  `Send_Alarm` tinyint(1) NOT NULL,
  `Threshold_Temp` smallint(6) DEFAULT NULL,
  `Threshold_Hum` smallint(6) DEFAULT NULL
) ENGINE=InnoDB AUTO_INCREMENT=6 DEFAULT CHARSET=utf8mb4 COLLATE=utf8mb4_unicode_ci COMMENT='Термометры в системе';

--
-- Дамп данных таблицы `Thermometer`
--

INSERT INTO `Thermometer` (`Thermometer_ID`, `Name`, `Send_Alarm`, `Threshold_Temp`, `Threshold_Hum`) VALUES
(1, 'В доме', 1, 9, 0),
(2, 'В подполе', 0, 0, 0),
(3, 'На улице', 0, 0, 0),
(4, 'В колодце', 0, 0, 0),
(5, 'В септике', 0, 0, 0);

-- --------------------------------------------------------

--
-- Структура таблицы `Thermometer_Info`
--

CREATE TABLE IF NOT EXISTS `Thermometer_Info` (
  `Thermometer_Info_ID` int(10) unsigned NOT NULL,
  `Thermometer_ID` smallint(5) unsigned NOT NULL,
  `Temp_Value` smallint(6) NOT NULL,
  `Humidity_Value` smallint(6) NOT NULL,
  `Date` timestamp NOT NULL DEFAULT CURRENT_TIMESTAMP,
  `Mail_Sended_ID` int(10) unsigned DEFAULT NULL
) ENGINE=InnoDB AUTO_INCREMENT=17640 DEFAULT CHARSET=utf8mb4 COLLATE=utf8mb4_unicode_ci COMMENT='Показания термометров';

--
-- Дамп данных таблицы `Thermometer_Info`
--

INSERT INTO `Thermometer_Info` (`Thermometer_Info_ID`, `Thermometer_ID`, `Temp_Value`, `Humidity_Value`, `Date`, `Mail_Sended_ID`) VALUES
(17000, 3, 3, 67, '2018-04-14 18:41:56', NULL),
(17001, 3, 3, 68, '2018-04-14 18:51:56', NULL),
(17002, 3, 2, 68, '2018-04-14 19:01:59', NULL),
(17003, 3, 2, 69, '2018-04-14 19:06:57', NULL),
(17004, 3, 2, 67, '2018-04-14 19:11:56', NULL),
(17005, 3, 2, 69, '2018-04-14 19:16:56', NULL),
(17006, 3, 2, 70, '2018-04-14 19:21:52', NULL),
(17007, 3, 2, 69, '2018-04-14 19:26:57', NULL),
(17008, 3, 2, 71, '2018-04-14 19:31:58', NULL),
(17009, 3, 2, 72, '2018-04-14 19:41:55', NULL),
(17010, 3, 2, 73, '2018-04-14 19:51:56', NULL),
(17011, 3, 2, 72, '2018-04-14 20:01:56', NULL),
(17012, 3, 1, 72, '2018-04-14 20:06:57', NULL),
(17013, 3, 1, 73, '2018-04-14 20:11:58', NULL),
(17014, 3, 1, 74, '2018-04-14 20:16:55', NULL),
(17015, 3, 1, 75, '2018-04-14 20:26:55', NULL),
(17016, 3, 1, 76, '2018-04-14 20:36:56', NULL),
(17017, 1, 12, 43, '2018-04-14 20:41:56', NULL),
(17018, 3, 1, 77, '2018-04-14 20:41:56', NULL),
(17019, 3, 1, 76, '2018-04-14 20:46:58', NULL),
(17020, 3, 1, 75, '2018-04-14 20:56:58', NULL),
(17021, 3, 1, 77, '2018-04-14 21:01:56', NULL),
(17022, 2, 5, 85, '2018-04-14 21:16:58', NULL),
(17023, 3, 1, 76, '2018-04-14 21:16:58', NULL),
(17024, 2, 6, 85, '2018-04-14 21:21:52', NULL),
(17025, 3, 1, 77, '2018-04-14 21:26:57', NULL),
(17026, 1, 13, 43, '2018-04-14 21:31:58', NULL),
(17027, 2, 5, 85, '2018-04-14 21:31:58', NULL),
(17028, 3, 1, 78, '2018-04-14 21:36:59', NULL),
(17029, 1, 13, 42, '2018-04-14 21:41:56', NULL),
(17030, 3, 0, 78, '2018-04-14 21:41:56', NULL),
(17031, 3, 0, 79, '2018-04-14 21:46:56', NULL),
(17032, 1, 13, 43, '2018-04-14 21:56:56', NULL),
(17033, 3, 0, 80, '2018-04-14 22:01:56', NULL),
(17034, 3, 0, 79, '2018-04-14 22:11:56', NULL),
(17035, 3, 0, 80, '2018-04-14 22:16:58', NULL),
(17036, 3, 0, 79, '2018-04-14 22:21:53', NULL),
(17037, 3, 0, 80, '2018-04-14 22:36:56', NULL),
(17038, 3, 0, 79, '2018-04-14 23:01:57', NULL),
(17039, 1, 12, 43, '2018-04-14 23:06:56', NULL),
(17040, 3, 0, 80, '2018-04-14 23:26:56', NULL),
(17041, 3, 0, 79, '2018-04-14 23:46:57', NULL),
(17042, 3, 0, 80, '2018-04-14 23:51:58', NULL),
(17043, 3, 0, 79, '2018-04-15 00:01:56', NULL),
(17044, 3, 0, 78, '2018-04-15 00:21:53', NULL),
(17045, 2, 5, 84, '2018-04-15 00:31:57', NULL),
(17046, 3, -1, 79, '2018-04-15 00:31:57', NULL),
(17047, 2, 5, 85, '2018-04-15 00:36:57', NULL),
(17048, 2, 5, 84, '2018-04-15 00:41:58', NULL),
(17049, 3, 0, 79, '2018-04-15 00:41:58', NULL),
(17050, 1, 13, 43, '2018-04-15 00:46:57', NULL),
(17051, 1, 13, 42, '2018-04-15 00:51:57', NULL),
(17052, 3, -1, 80, '2018-04-15 00:51:57', NULL),
(17053, 3, -1, 79, '2018-04-15 01:01:57', NULL),
(17054, 3, -1, 80, '2018-04-15 01:06:57', NULL),
(17055, 2, 5, 85, '2018-04-15 01:11:57', NULL),
(17056, 3, -1, 79, '2018-04-15 01:11:57', NULL),
(17057, 2, 5, 84, '2018-04-15 01:16:59', NULL),
(17058, 1, 13, 43, '2018-04-15 01:21:54', NULL),
(17059, 1, 12, 43, '2018-04-15 01:26:57', NULL),
(17060, 1, 12, 42, '2018-04-15 01:31:59', NULL),
(17061, 2, 5, 85, '2018-04-15 01:31:59', NULL),
(17062, 1, 12, 43, '2018-04-15 01:36:57', NULL),
(17063, 3, -1, 80, '2018-04-15 01:36:57', NULL),
(17064, 1, 12, 42, '2018-04-15 01:41:57', NULL),
(17065, 3, -1, 79, '2018-04-15 01:41:57', NULL),
(17066, 1, 12, 43, '2018-04-15 01:47:00', NULL),
(17067, 2, 5, 84, '2018-04-15 01:47:00', NULL),
(17068, 3, -1, 80, '2018-04-15 01:47:00', NULL),
(17069, 3, -1, 81, '2018-04-15 01:51:59', NULL),
(17070, 2, 5, 85, '2018-04-15 01:56:57', NULL),
(17071, 3, -1, 79, '2018-04-15 01:56:57', NULL),
(17072, 3, -1, 81, '2018-04-15 02:01:57', NULL),
(17073, 2, 5, 84, '2018-04-15 02:06:57', NULL),
(17074, 3, -1, 80, '2018-04-15 02:06:57', NULL),
(17075, 2, 5, 85, '2018-04-15 02:11:57', NULL),
(17076, 3, -1, 81, '2018-04-15 02:11:57', NULL),
(17077, 2, 5, 84, '2018-04-15 02:16:57', NULL),
(17078, 3, -1, 80, '2018-04-15 02:16:57', NULL),
(17079, 3, -1, 81, '2018-04-15 02:47:00', NULL),
(17080, 3, 0, 81, '2018-04-15 02:51:58', NULL),
(17081, 3, 0, 80, '2018-04-15 02:56:58', NULL),
(17082, 1, 11, 43, '2018-04-15 03:01:58', NULL),
(17083, 3, 0, 79, '2018-04-15 03:06:57', NULL),
(17084, 3, 0, 78, '2018-04-15 03:11:58', NULL),
(17085, 3, 1, 77, '2018-04-15 03:17:00', NULL),
(17086, 3, 1, 76, '2018-04-15 03:21:54', NULL),
(17087, 1, 12, 43, '2018-04-15 03:26:59', NULL),
(17088, 3, 1, 75, '2018-04-15 03:26:59', NULL),
(17089, 3, 1, 74, '2018-04-15 03:32:00', NULL),
(17090, 1, 12, 42, '2018-04-15 03:37:00', NULL),
(17091, 3, 2, 73, '2018-04-15 03:37:00', NULL),
(17092, 3, 2, 72, '2018-04-15 03:46:58', NULL),
(17093, 3, 3, 70, '2018-04-15 03:51:58', NULL),
(17094, 3, 3, 68, '2018-04-15 03:56:58', NULL),
(17095, 3, 3, 66, '2018-04-15 04:12:00', NULL),
(17096, 3, 4, 66, '2018-04-15 04:16:58', NULL),
(17097, 3, 4, 65, '2018-04-15 04:21:55', NULL),
(17098, 3, 4, 64, '2018-04-15 04:27:01', NULL),
(17099, 3, 4, 63, '2018-04-15 04:36:59', NULL),
(17100, 3, 5, 62, '2018-04-15 04:41:59', NULL),
(17101, 3, 5, 61, '2018-04-15 04:46:59', NULL),
(17102, 3, 5, 60, '2018-04-15 04:51:59', NULL),
(17103, 1, 12, 43, '2018-04-15 04:57:01', NULL),
(17104, 3, 5, 59, '2018-04-15 04:57:01', NULL),
(17105, 1, 12, 42, '2018-04-15 05:02:01', NULL),
(17106, 3, 6, 59, '2018-04-15 05:02:01', NULL),
(17107, 1, 12, 43, '2018-04-15 05:06:59', NULL),
(17108, 3, 6, 58, '2018-04-15 05:06:59', NULL),
(17109, 3, 6, 59, '2018-04-15 05:12:00', NULL),
(17110, 1, 12, 42, '2018-04-15 05:16:59', NULL),
(17111, 3, 7, 58, '2018-04-15 05:16:59', NULL),
(17112, 1, 12, 43, '2018-04-15 05:21:55', NULL),
(17113, 1, 11, 43, '2018-04-15 05:26:55', NULL),
(17114, 3, 7, 55, '2018-04-15 05:26:55', NULL),
(17115, 3, 8, 55, '2018-04-15 05:31:59', NULL),
(17116, 3, 8, 54, '2018-04-15 05:36:59', NULL),
(17117, 1, 11, 42, '2018-04-15 05:41:58', NULL),
(17118, 2, 5, 85, '2018-04-15 05:41:58', NULL),
(17119, 3, 8, 52, '2018-04-15 05:41:58', NULL),
(17120, 3, 9, 51, '2018-04-15 05:46:59', NULL),
(17121, 2, 5, 84, '2018-04-15 05:51:59', NULL),
(17122, 3, 9, 50, '2018-04-15 05:51:59', NULL),
(17123, 2, 5, 85, '2018-04-15 05:57:01', NULL),
(17124, 3, 9, 49, '2018-04-15 05:57:01', NULL),
(17125, 3, 10, 48, '2018-04-15 06:02:01', NULL),
(17126, 3, 10, 46, '2018-04-15 06:06:58', NULL),
(17127, 3, 10, 45, '2018-04-15 06:12:00', NULL),
(17128, 3, 10, 43, '2018-04-15 06:17:00', NULL),
(17129, 3, 11, 42, '2018-04-15 06:21:55', NULL),
(17130, 3, 11, 40, '2018-04-15 06:26:59', NULL),
(17131, 1, 11, 43, '2018-04-15 06:32:00', NULL),
(17132, 2, 5, 84, '2018-04-15 06:32:00', NULL),
(17133, 3, 11, 41, '2018-04-15 06:32:00', NULL),
(17134, 1, 12, 42, '2018-04-15 06:36:56', NULL),
(17135, 3, 12, 42, '2018-04-15 06:36:56', NULL),
(17136, 2, 5, 85, '2018-04-15 06:42:00', NULL),
(17137, 3, 12, 38, '2018-04-15 06:42:00', NULL),
(17138, 3, 12, 36, '2018-04-15 06:47:00', NULL),
(17139, 3, 12, 37, '2018-04-15 06:52:00', NULL),
(17140, 2, 5, 84, '2018-04-15 06:57:03', NULL),
(17141, 3, 12, 36, '2018-04-15 06:57:03', NULL),
(17142, 2, 5, 85, '2018-04-15 07:01:58', NULL),
(17143, 3, 12, 35, '2018-04-15 07:01:58', NULL),
(17144, 3, 13, 34, '2018-04-15 07:07:02', NULL),
(17145, 3, 13, 35, '2018-04-15 07:11:58', NULL),
(17146, 3, 13, 33, '2018-04-15 07:16:59', NULL),
(17147, 3, 13, 34, '2018-04-15 07:21:58', NULL),
(17148, 3, 13, 32, '2018-04-15 07:27:01', NULL),
(17149, 3, 13, 31, '2018-04-15 07:31:58', NULL),
(17150, 3, 13, 32, '2018-04-15 07:37:03', NULL),
(17151, 3, 14, 32, '2018-04-15 07:41:58', NULL),
(17152, 3, 13, 32, '2018-04-15 07:52:04', NULL),
(17153, 3, 14, 32, '2018-04-15 07:56:58', NULL),
(17154, 3, 14, 30, '2018-04-15 08:07:00', NULL),
(17155, 3, 14, 32, '2018-04-15 08:11:58', NULL),
(17156, 3, 14, 31, '2018-04-15 08:16:58', NULL),
(17157, 3, 14, 32, '2018-04-15 08:21:58', NULL),
(17158, 3, 14, 30, '2018-04-15 08:27:00', NULL),
(17159, 2, 5, 84, '2018-04-15 08:32:02', NULL),
(17160, 3, 14, 31, '2018-04-15 08:32:02', NULL),
(17161, 3, 15, 32, '2018-04-15 08:36:59', NULL),
(17162, 3, 14, 30, '2018-04-15 08:41:58', NULL),
(17163, 3, 14, 31, '2018-04-15 08:51:58', NULL),
(17164, 3, 15, 30, '2018-04-15 08:56:58', NULL),
(17165, 3, 15, 29, '2018-04-15 09:07:02', NULL),
(17166, 3, 15, 31, '2018-04-15 09:11:58', NULL),
(17167, 3, 15, 30, '2018-04-15 09:21:58', NULL),
(17168, 3, 15, 28, '2018-04-15 09:27:04', NULL),
(17169, 3, 15, 30, '2018-04-15 09:31:59', NULL),
(17170, 3, 16, 29, '2018-04-15 09:37:00', NULL),
(17171, 3, 16, 28, '2018-04-15 09:57:00', NULL),
(17172, 3, 16, 30, '2018-04-15 10:07:01', NULL),
(17173, 3, 16, 29, '2018-04-15 10:12:00', NULL),
(17174, 3, 16, 27, '2018-04-15 10:17:01', NULL),
(17175, 3, 16, 28, '2018-04-15 10:22:00', NULL),
(17176, 3, 17, 27, '2018-04-15 10:27:00', NULL),
(17177, 3, 17, 26, '2018-04-15 10:32:01', NULL),
(17178, 2, 5, 85, '2018-04-15 10:37:01', NULL),
(17179, 3, 17, 27, '2018-04-15 10:37:01', NULL),
(17180, 2, 5, 84, '2018-04-15 10:42:02', NULL),
(17181, 3, 17, 28, '2018-04-15 10:42:02', NULL),
(17182, 3, 17, 26, '2018-04-15 10:47:03', NULL),
(17183, 2, 6, 84, '2018-04-15 10:52:03', NULL),
(17184, 3, 17, 28, '2018-04-15 10:52:03', NULL),
(17185, 3, 17, 27, '2018-04-15 10:57:05', NULL),
(17186, 3, 17, 28, '2018-04-15 11:07:01', NULL),
(17187, 3, 17, 26, '2018-04-15 11:12:01', NULL),
(17188, 3, 17, 27, '2018-04-15 11:22:01', NULL),
(17189, 3, 17, 25, '2018-04-15 11:32:01', NULL),
(17190, 3, 16, 25, '2018-04-15 11:37:01', NULL),
(17191, 3, 17, 27, '2018-04-15 11:42:02', NULL),
(17192, 1, 13, 42, '2018-04-15 11:47:01', NULL),
(17193, 3, 17, 26, '2018-04-15 11:52:05', NULL),
(17194, 1, 13, 41, '2018-04-15 11:57:01', NULL),
(17195, 3, 17, 28, '2018-04-15 11:57:01', NULL),
(17196, 1, 14, 41, '2018-04-15 12:07:01', NULL),
(17197, 3, 18, 27, '2018-04-15 12:07:01', NULL),
(17198, 1, 13, 41, '2018-04-15 12:12:06', NULL),
(17199, 3, 17, 28, '2018-04-15 12:12:06', NULL),
(17200, 3, 17, 27, '2018-04-15 12:17:02', NULL),
(17201, 1, 13, 42, '2018-04-15 12:32:06', NULL),
(17202, 3, 17, 26, '2018-04-15 12:32:06', NULL),
(17203, 1, 99, 10, '2018-04-15 14:01:08', NULL),
(17204, 1, 99, 10, '2018-04-15 14:07:15', NULL),
(17205, 1, 99, 10, '2018-04-15 14:07:39', NULL),
(17206, 1, 0, 0, '2018-05-07 19:41:09', NULL),
(17207, 2, 0, 0, '2018-05-07 19:41:09', NULL),
(17208, 3, 0, 0, '2018-05-07 19:41:09', NULL),
(17214, 1, 99, 15, '2018-05-07 20:23:53', NULL),
(17215, 2, 99, 15, '2018-05-07 20:23:53', NULL),
(17216, 3, 99, 15, '2018-05-07 20:23:53', NULL),
(17217, 1, 0, 0, '2018-05-07 20:28:50', NULL),
(17218, 2, 0, 0, '2018-05-07 20:28:50', NULL),
(17219, 3, 0, 0, '2018-05-07 20:28:50', NULL),
(17222, 1, 99, 15, '2018-05-07 20:34:59', NULL),
(17223, 2, 99, 15, '2018-05-07 20:34:59', NULL),
(17224, 3, 99, 15, '2018-05-07 20:34:59', NULL),
(17225, 1, 99, 15, '2018-05-07 20:36:00', NULL),
(17226, 2, 99, 15, '2018-05-07 20:36:00', NULL),
(17227, 3, 99, 15, '2018-05-07 20:36:00', NULL),
(17228, 1, 0, 0, '2018-05-07 20:40:59', NULL),
(17229, 2, 0, 0, '2018-05-07 20:40:59', NULL),
(17230, 3, 0, 0, '2018-05-07 20:40:59', NULL),
(17231, 4, 16, 0, '2018-05-07 20:40:59', NULL),
(17232, 4, 1, 0, '2018-05-07 20:46:02', NULL),
(17233, 1, 99, 10, '2018-05-09 08:28:08', NULL),
(17234, 1, 0, 0, '2018-05-09 19:56:02', NULL),
(17235, 2, 0, 0, '2018-05-09 19:56:02', NULL),
(17236, 3, 0, 0, '2018-05-09 19:56:02', NULL),
(17237, 4, 16, 0, '2018-05-09 19:56:02', NULL),
(17238, 1, 99, 10, '2018-05-14 21:22:41', NULL),
(17239, 1, 99, 10, '2018-05-14 21:24:04', NULL),
(17240, 1, 0, 0, '2018-05-28 20:29:55', NULL),
(17241, 2, 0, 0, '2018-05-28 20:29:55', NULL),
(17242, 3, 0, 0, '2018-05-28 20:29:55', NULL),
(17243, 1, 0, 0, '2018-05-28 20:30:49', NULL),
(17244, 2, 0, 0, '2018-05-28 20:30:49', NULL),
(17245, 3, 0, 0, '2018-05-28 20:30:49', NULL),
(17246, 4, 28, 0, '2018-05-28 20:30:49', NULL),
(17247, 4, 27, 0, '2018-05-28 20:30:52', NULL),
(17248, 4, 28, 0, '2018-05-28 20:30:56', NULL),
(17249, 4, 27, 0, '2018-05-28 20:30:59', NULL),
(17250, 4, 28, 0, '2018-05-28 20:31:03', NULL),
(17251, 4, 27, 0, '2018-05-28 20:31:22', NULL),
(17252, 4, 28, 0, '2018-05-28 20:31:25', NULL),
(17253, 4, 27, 0, '2018-05-28 20:31:28', NULL),
(17254, 4, 28, 0, '2018-05-28 20:31:32', NULL),
(17255, 4, 27, 0, '2018-05-28 20:31:38', NULL),
(17256, 4, 26, 0, '2018-05-28 20:33:51', NULL),
(17257, 4, 27, 0, '2018-05-28 20:33:57', NULL),
(17258, 4, 26, 0, '2018-05-28 20:34:10', NULL),
(17259, 1, 0, 0, '2018-05-28 20:34:32', NULL),
(17260, 2, 0, 0, '2018-05-28 20:34:32', NULL),
(17261, 3, 0, 0, '2018-05-28 20:34:32', NULL),
(17262, 4, 26, 0, '2018-05-28 20:34:32', NULL),
(17263, 4, 27, 0, '2018-05-28 20:34:36', NULL),
(17264, 4, 26, 0, '2018-05-28 20:34:48', NULL),
(17265, 4, 27, 0, '2018-05-28 20:34:52', NULL),
(17266, 4, 26, 0, '2018-05-28 20:35:08', NULL),
(17267, 4, 27, 0, '2018-05-28 20:35:11', NULL),
(17268, 1, 0, 0, '2018-05-28 20:43:47', NULL),
(17269, 2, 0, 0, '2018-05-28 20:43:47', NULL),
(17270, 3, 0, 0, '2018-05-28 20:43:47', NULL),
(17271, 1, 0, 0, '2018-06-09 18:55:38', NULL),
(17272, 2, 0, 0, '2018-06-09 18:55:38', NULL),
(17273, 3, 0, 0, '2018-06-09 18:55:38', NULL),
(17274, 1, 0, 0, '2018-06-09 19:32:14', NULL),
(17275, 2, 0, 0, '2018-06-09 19:32:14', NULL),
(17276, 3, 0, 0, '2018-06-09 19:32:14', NULL),
(17277, 4, 26, 0, '2018-06-09 19:37:16', NULL),
(17278, 1, 0, 0, '2018-06-09 19:51:23', NULL),
(17279, 2, 0, 0, '2018-06-09 19:51:23', NULL),
(17280, 3, 0, 0, '2018-06-09 19:51:23', NULL),
(17281, 4, 26, 0, '2018-06-09 19:51:23', NULL),
(17282, 1, 0, 0, '2018-06-09 20:15:37', NULL),
(17283, 2, 0, 0, '2018-06-09 20:15:37', NULL),
(17284, 3, 0, 0, '2018-06-09 20:15:37', NULL),
(17285, 4, 25, 0, '2018-06-09 20:15:37', NULL),
(17286, 1, 0, 0, '2018-06-10 07:31:05', NULL),
(17287, 2, 0, 0, '2018-06-10 07:31:05', NULL),
(17288, 3, 0, 0, '2018-06-10 07:31:05', NULL),
(17289, 4, 24, 0, '2018-06-10 07:31:05', NULL),
(17290, 1, 0, 0, '2018-06-10 07:42:44', NULL),
(17291, 2, 0, 0, '2018-06-10 07:42:44', NULL),
(17292, 3, 0, 0, '2018-06-10 07:42:44', NULL),
(17293, 4, 24, 0, '2018-06-10 07:42:44', NULL),
(17294, 4, 25, 0, '2018-06-10 07:52:55', NULL),
(17295, 1, 0, 0, '2018-06-17 12:21:04', NULL),
(17296, 2, 0, 0, '2018-06-17 12:21:04', NULL),
(17297, 3, 0, 0, '2018-06-17 12:21:04', NULL),
(17298, 4, 26, 0, '2018-06-17 12:21:04', NULL),
(17299, 1, 0, 0, '2018-06-17 12:39:10', NULL),
(17300, 2, 0, 0, '2018-06-17 12:39:10', NULL),
(17301, 3, 0, 0, '2018-06-17 12:39:10', NULL),
(17302, 4, 26, 0, '2018-06-17 12:39:10', NULL),
(17303, 1, 0, 0, '2018-06-17 12:49:48', NULL),
(17304, 2, 0, 0, '2018-06-17 12:49:48', NULL),
(17305, 3, 0, 0, '2018-06-17 12:49:48', NULL),
(17306, 4, 26, 0, '2018-06-17 12:49:48', NULL),
(17307, 1, 0, 0, '2018-06-17 12:59:05', NULL),
(17308, 2, 0, 0, '2018-06-17 12:59:05', NULL),
(17309, 3, 0, 0, '2018-06-17 12:59:05', NULL),
(17310, 4, 26, 0, '2018-06-17 12:59:05', NULL),
(17311, 1, 0, 0, '2018-06-17 13:08:20', NULL),
(17312, 2, 0, 0, '2018-06-17 13:08:20', NULL),
(17313, 3, 0, 0, '2018-06-17 13:08:20', NULL),
(17314, 4, 26, 0, '2018-06-17 13:08:20', NULL),
(17315, 1, 0, 0, '2018-06-17 13:14:04', NULL),
(17316, 2, 0, 0, '2018-06-17 13:14:04', NULL),
(17317, 3, 0, 0, '2018-06-17 13:14:04', NULL),
(17318, 4, 26, 0, '2018-06-17 13:14:04', NULL),
(17319, 1, 0, 0, '2018-06-17 14:59:32', NULL),
(17320, 2, 0, 0, '2018-06-17 14:59:32', NULL),
(17321, 3, 0, 0, '2018-06-17 14:59:32', NULL),
(17322, 4, 27, 0, '2018-06-17 14:59:32', NULL),
(17323, 4, 26, 0, '2018-06-17 15:04:29', NULL),
(17324, 1, 0, 0, '2018-06-17 15:34:09', NULL),
(17325, 2, 0, 0, '2018-06-17 15:34:09', NULL),
(17326, 3, 0, 0, '2018-06-17 15:34:09', NULL),
(17327, 4, 27, 0, '2018-06-17 15:34:09', NULL),
(17328, 1, 0, 0, '2018-06-17 15:46:31', NULL),
(17329, 2, 0, 0, '2018-06-17 15:46:31', NULL),
(17330, 3, 0, 0, '2018-06-17 15:46:31', NULL),
(17331, 4, 26, 0, '2018-06-17 15:46:31', NULL),
(17332, 1, 0, 0, '2018-06-17 16:08:29', NULL),
(17333, 2, 0, 0, '2018-06-17 16:08:29', NULL),
(17334, 3, 0, 0, '2018-06-17 16:08:29', NULL),
(17335, 4, 26, 0, '2018-06-17 16:08:29', NULL),
(17336, 1, 0, 0, '2018-10-02 06:36:57', NULL),
(17337, 2, 0, 0, '2018-10-02 06:36:57', NULL),
(17338, 3, 0, 0, '2018-10-02 06:36:57', NULL),
(17339, 1, 0, 0, '2018-10-02 13:02:54', NULL),
(17340, 2, 0, 0, '2018-10-02 13:02:54', NULL),
(17341, 3, 0, 0, '2018-10-02 13:02:54', NULL),
(17342, 1, 0, 0, '2018-10-02 15:12:35', NULL),
(17343, 2, 0, 0, '2018-10-02 15:12:35', NULL),
(17344, 3, 0, 0, '2018-10-02 15:12:35', NULL),
(17345, 1, 0, 0, '2018-10-03 05:27:19', NULL),
(17346, 2, 0, 0, '2018-10-03 05:27:19', NULL),
(17347, 3, 0, 0, '2018-10-03 05:27:19', NULL),
(17348, 1, 0, 0, '2018-10-04 05:39:48', NULL),
(17349, 2, 0, 0, '2018-10-04 05:39:48', NULL),
(17350, 3, 0, 0, '2018-10-04 05:39:48', NULL),
(17351, 1, 0, 0, '2018-10-05 05:01:55', NULL),
(17352, 2, 0, 0, '2018-10-05 05:01:55', NULL),
(17353, 3, 0, 0, '2018-10-05 05:01:55', NULL),
(17354, 1, 0, 0, '2018-10-09 05:00:23', NULL),
(17355, 2, 0, 0, '2018-10-09 05:00:23', NULL),
(17356, 3, 0, 0, '2018-10-09 05:00:23', NULL),
(17357, 1, 0, 0, '2018-10-09 06:10:34', NULL),
(17358, 2, 0, 0, '2018-10-09 06:10:34', NULL),
(17359, 3, 0, 0, '2018-10-09 06:10:34', NULL),
(17360, 1, 23, 43, '2018-10-22 20:06:54', NULL),
(17361, 2, 13, 82, '2018-10-22 20:06:54', NULL),
(17362, 3, 3, 100, '2018-10-22 20:06:54', NULL),
(17363, 1, 23, 42, '2018-10-22 20:11:57', NULL),
(17364, 1, 22, 42, '2018-10-22 20:52:18', NULL),
(17365, 3, 2, 100, '2018-10-22 20:52:18', NULL),
(17366, 4, 7, 0, '2018-10-22 21:17:40', NULL),
(17367, 1, 23, 42, '2018-10-22 21:27:44', NULL),
(17368, 2, 13, 81, '2018-10-22 22:02:54', NULL),
(17369, 2, 13, 82, '2018-10-22 22:08:03', NULL),
(17370, 1, 23, 41, '2018-10-22 22:18:07', NULL),
(17371, 1, 23, 42, '2018-10-22 22:28:12', NULL),
(17372, 2, 13, 81, '2018-10-22 22:28:12', NULL),
(17373, 1, 23, 41, '2018-10-22 22:33:14', NULL),
(17374, 1, 22, 41, '2018-10-22 23:03:22', NULL),
(17375, 1, 22, 42, '2018-10-22 23:18:35', NULL),
(17376, 1, 23, 42, '2018-10-22 23:48:48', NULL),
(17377, 1, 23, 41, '2018-10-23 00:24:04', NULL),
(17378, 1, 23, 42, '2018-10-23 00:34:08', NULL),
(17379, 2, 12, 81, '2018-10-23 00:39:11', NULL),
(17380, 2, 13, 81, '2018-10-23 00:44:13', NULL),
(17381, 1, 23, 41, '2018-10-23 00:49:15', NULL),
(17382, 2, 12, 81, '2018-10-23 00:49:15', NULL),
(17383, 1, 22, 41, '2018-10-23 00:59:20', NULL),
(17384, 1, 22, 42, '2018-10-23 01:39:38', NULL),
(17385, 1, 22, 41, '2018-10-23 01:44:40', NULL),
(17386, 1, 22, 42, '2018-10-23 01:49:43', NULL),
(17387, 1, 22, 41, '2018-10-23 02:04:43', NULL),
(17388, 3, 1, 100, '2018-10-23 02:04:43', NULL),
(17389, 1, 23, 41, '2018-10-23 02:09:52', NULL),
(17390, 2, 13, 81, '2018-10-23 02:09:52', NULL),
(17391, 3, 2, 100, '2018-10-23 02:09:52', NULL),
(17392, 2, 12, 81, '2018-10-23 02:14:53', NULL),
(17393, 3, 1, 100, '2018-10-23 02:14:53', NULL),
(17394, 3, 2, 100, '2018-10-23 02:19:56', NULL),
(17395, 3, 1, 100, '2018-10-23 02:35:03', NULL),
(17396, 1, 22, 41, '2018-10-23 02:45:07', NULL),
(17397, 3, 2, 100, '2018-10-23 02:55:11', NULL),
(17398, 2, 12, 80, '2018-10-23 03:15:21', NULL),
(17399, 2, 12, 81, '2018-10-23 03:20:24', NULL),
(17400, 2, 12, 80, '2018-10-23 03:25:26', NULL),
(17401, 2, 12, 81, '2018-10-23 03:30:28', NULL),
(17402, 1, 22, 42, '2018-10-23 03:45:34', NULL),
(17403, 2, 12, 80, '2018-10-23 03:45:34', NULL),
(17404, 1, 22, 44, '2018-10-23 03:50:36', NULL),
(17405, 1, 22, 46, '2018-10-23 03:55:39', NULL),
(17406, 2, 12, 81, '2018-10-23 03:55:39', NULL),
(17407, 1, 23, 48, '2018-10-23 05:31:50', NULL),
(17408, 2, 12, 80, '2018-10-23 05:31:50', NULL),
(17409, 3, 3, 100, '2018-10-23 05:31:50', NULL),
(17410, 4, 8, 0, '2018-10-23 05:31:50', NULL),
(17412, 1, 0, 0, '2018-10-24 18:14:45', NULL),
(17413, 2, 24, 41, '2018-10-24 18:14:45', NULL),
(17414, 3, 12, 85, '2018-10-24 18:14:45', NULL),
(17415, 4, 8, 0, '2018-10-24 18:14:45', NULL),
(17417, 1, 23, 40, '2018-10-24 18:31:14', NULL),
(17418, 2, 12, 85, '2018-10-24 18:31:14', NULL),
(17419, 3, 7, 100, '2018-10-24 18:31:14', NULL),
(17420, 4, 7, 0, '2018-10-24 18:31:14', NULL),
(17422, 1, 23, 43, '2018-10-24 19:26:49', NULL),
(17423, 2, 12, 86, '2018-10-24 19:26:49', NULL),
(17424, 3, 7, 100, '2018-10-24 19:26:49', NULL),
(17425, 4, 8, 0, '2018-10-24 19:26:49', NULL),
(17426, 5, 10, 0, '2018-10-24 19:26:49', NULL),
(17427, 1, 22, 40, '2018-10-24 19:41:53', NULL),
(17428, 2, 12, 85, '2018-10-24 19:41:53', NULL),
(17429, 3, 7, 100, '2018-10-24 19:41:53', NULL),
(17430, 4, 8, 0, '2018-10-24 19:41:53', NULL),
(17431, 5, 10, 0, '2018-10-24 19:41:53', NULL),
(17432, 1, 22, 41, '2018-10-24 19:46:57', NULL),
(17433, 2, 12, 86, '2018-10-24 19:46:57', NULL),
(17434, 5, 9, 0, '2018-10-24 19:46:57', NULL),
(17435, 1, 22, 42, '2018-10-24 19:51:55', NULL),
(17436, 5, 10, 0, '2018-10-24 19:51:55', NULL),
(17437, 5, 9, 0, '2018-10-24 19:57:01', NULL),
(17438, 1, 23, 42, '2018-10-24 20:01:55', NULL),
(17439, 4, 7, 0, '2018-10-24 20:01:55', NULL),
(17440, 5, 10, 0, '2018-10-24 20:01:55', NULL),
(17441, 4, 8, 0, '2018-10-24 20:06:56', NULL),
(17442, 5, 9, 0, '2018-10-24 20:06:56', NULL),
(17443, 5, 10, 0, '2018-10-24 20:12:03', NULL),
(17444, 5, 9, 0, '2018-10-24 20:16:56', NULL),
(17445, 5, 10, 0, '2018-10-24 20:21:57', NULL),
(17446, 1, 24, 42, '2018-10-24 20:37:01', NULL),
(17447, 4, 7, 0, '2018-10-24 20:37:01', NULL),
(17448, 5, 9, 0, '2018-10-24 20:37:01', NULL),
(17449, 1, 24, 42, '2018-10-24 21:06:13', NULL),
(17450, 2, 12, 85, '2018-10-24 21:06:13', NULL),
(17451, 3, 6, 100, '2018-10-24 21:06:13', NULL),
(17452, 4, 8, 0, '2018-10-24 21:06:13', NULL),
(17453, 5, 10, 0, '2018-10-24 21:06:13', NULL),
(17454, 1, 24, 40, '2018-10-24 21:11:16', NULL),
(17455, 2, 12, 86, '2018-10-24 21:11:16', NULL),
(17456, 3, 7, 100, '2018-10-24 21:11:16', NULL),
(17457, 4, 7, 0, '2018-10-24 21:16:16', NULL),
(17458, 1, 23, 40, '2018-10-24 21:21:19', NULL),
(17459, 5, 9, 0, '2018-10-24 21:21:19', NULL),
(17460, 4, 8, 0, '2018-10-24 21:26:19', NULL),
(17461, 5, 10, 0, '2018-10-24 21:26:19', NULL),
(17462, 5, 9, 0, '2018-10-24 21:31:19', NULL),
(17463, 5, 10, 0, '2018-10-24 21:36:21', NULL),
(17464, 5, 9, 0, '2018-10-24 21:41:20', NULL),
(17465, 1, 23, 41, '2018-10-24 21:46:27', NULL),
(17466, 5, 10, 0, '2018-10-24 21:46:27', NULL),
(17467, 2, 13, 86, '2018-10-24 21:56:27', NULL),
(17468, 5, 9, 0, '2018-10-24 21:56:27', NULL),
(17469, 2, 12, 86, '2018-10-24 22:01:27', NULL),
(17470, 5, 10, 0, '2018-10-24 22:01:27', NULL),
(17471, 5, 9, 0, '2018-10-24 22:06:32', NULL),
(17472, 5, 10, 0, '2018-10-24 22:11:33', NULL),
(17473, 2, 13, 86, '2018-10-24 22:21:33', NULL),
(17474, 5, 9, 0, '2018-10-24 22:21:33', NULL),
(17475, 5, 10, 0, '2018-10-24 22:31:33', NULL),
(17476, 5, 9, 0, '2018-10-24 22:36:33', NULL),
(17477, 3, 6, 100, '2018-10-24 22:46:33', NULL),
(17478, 4, 7, 0, '2018-10-24 22:51:33', NULL),
(17479, 4, 8, 0, '2018-10-24 22:56:33', NULL),
(17480, 1, 22, 41, '2018-10-24 23:01:28', NULL),
(17481, 5, 10, 0, '2018-10-24 23:11:33', NULL),
(17482, 4, 7, 0, '2018-10-24 23:21:34', NULL),
(17483, 5, 9, 0, '2018-10-24 23:21:34', NULL),
(17484, 4, 8, 0, '2018-10-24 23:26:34', NULL),
(17485, 5, 10, 0, '2018-10-24 23:26:34', NULL),
(17486, 4, 7, 0, '2018-10-24 23:31:34', NULL),
(17487, 4, 8, 0, '2018-10-24 23:36:34', NULL),
(17488, 5, 9, 0, '2018-10-24 23:41:34', NULL),
(17489, 1, 23, 41, '2018-10-24 23:46:34', NULL),
(17490, 5, 10, 0, '2018-10-24 23:46:34', NULL),
(17491, 1, 23, 40, '2018-10-24 23:51:34', NULL),
(17492, 4, 7, 0, '2018-10-24 23:56:34', NULL),
(17493, 5, 9, 0, '2018-10-24 23:56:34', NULL),
(17494, 4, 8, 0, '2018-10-25 00:01:30', NULL),
(17495, 5, 10, 0, '2018-10-25 00:01:30', NULL),
(17496, 4, 7, 0, '2018-10-25 00:06:35', NULL),
(17497, 4, 8, 0, '2018-10-25 00:11:35', NULL),
(17498, 5, 9, 0, '2018-10-25 00:11:35', NULL),
(17499, 2, 13, 85, '2018-10-25 00:16:35', NULL),
(17500, 4, 7, 0, '2018-10-25 00:16:35', NULL),
(17501, 5, 10, 0, '2018-10-25 00:16:35', NULL),
(17502, 4, 8, 0, '2018-10-25 00:21:36', NULL),
(17503, 5, 9, 0, '2018-10-25 00:21:36', NULL),
(17504, 5, 10, 0, '2018-10-25 00:31:35', NULL),
(17505, 5, 9, 0, '2018-10-25 00:36:35', NULL),
(17506, 5, 10, 0, '2018-10-25 00:41:35', NULL),
(17507, 4, 7, 0, '2018-10-25 01:11:36', NULL),
(17508, 5, 9, 0, '2018-10-25 01:16:36', NULL),
(17509, 1, 22, 41, '2018-10-25 01:21:36', NULL),
(17510, 4, 8, 0, '2018-10-25 01:21:36', NULL),
(17511, 1, 22, 40, '2018-10-25 01:26:36', NULL),
(17512, 4, 7, 0, '2018-10-25 01:41:36', NULL),
(17513, 4, 8, 0, '2018-10-25 01:46:36', NULL),
(17514, 5, 10, 0, '2018-10-25 01:46:36', NULL),
(17515, 5, 9, 0, '2018-10-25 01:56:36', NULL),
(17516, 4, 7, 0, '2018-10-25 02:11:37', NULL),
(17517, 4, 8, 0, '2018-10-25 02:16:37', NULL),
(17518, 1, 22, 41, '2018-10-25 02:21:37', NULL),
(17519, 1, 22, 40, '2018-10-25 02:36:37', NULL),
(17520, 5, 10, 0, '2018-10-25 02:36:37', NULL),
(17521, 1, 23, 40, '2018-10-25 02:41:37', NULL),
(17522, 5, 9, 0, '2018-10-25 02:41:37', NULL),
(17523, 5, 10, 0, '2018-10-25 03:01:32', NULL),
(17524, 5, 9, 0, '2018-10-25 03:06:37', NULL),
(17525, 4, 7, 0, '2018-10-25 03:26:38', NULL),
(17526, 5, 10, 0, '2018-10-25 03:26:38', NULL),
(17527, 4, 8, 0, '2018-10-25 03:31:38', NULL),
(17528, 5, 9, 0, '2018-10-25 03:31:38', NULL),
(17529, 4, 7, 0, '2018-10-25 03:36:38', NULL),
(17530, 4, 8, 0, '2018-10-25 03:41:38', NULL),
(17531, 1, 22, 40, '2018-10-25 03:46:39', NULL),
(17532, 4, 7, 0, '2018-10-25 03:51:38', NULL),
(17533, 5, 10, 0, '2018-10-25 03:51:38', NULL),
(17534, 4, 8, 0, '2018-10-25 03:56:39', NULL),
(17535, 5, 9, 0, '2018-10-25 03:56:39', NULL),
(17536, 4, 7, 0, '2018-10-25 04:01:32', NULL),
(17537, 5, 10, 0, '2018-10-25 04:01:32', NULL),
(17538, 4, 8, 0, '2018-10-25 04:06:38', NULL),
(17539, 1, 22, 41, '2018-10-25 04:11:40', NULL),
(17540, 4, 7, 0, '2018-10-25 04:11:40', NULL),
(17541, 5, 9, 0, '2018-10-25 04:11:40', NULL),
(17542, 1, 22, 40, '2018-10-25 04:16:38', NULL),
(17543, 4, 8, 0, '2018-10-25 04:16:38', NULL),
(17544, 4, 7, 0, '2018-10-25 04:21:39', NULL),
(17545, 4, 8, 0, '2018-10-25 04:31:39', NULL),
(17546, 1, 22, 41, '2018-10-25 04:41:33', NULL),
(17547, 1, 22, 40, '2018-10-25 05:01:33', NULL),
(17548, 1, 22, 41, '2018-10-25 05:06:33', NULL),
(17549, 4, 7, 0, '2018-10-25 05:16:34', NULL),
(17550, 4, 8, 0, '2018-10-25 05:21:34', NULL),
(17551, 1, 22, 42, '2018-10-25 05:36:34', NULL),
(17552, 1, 22, 41, '2018-10-25 05:41:35', NULL),
(17553, 1, 23, 41, '2018-10-25 05:46:35', NULL),
(17554, 3, 7, 100, '2018-10-25 05:56:35', NULL),
(17555, 4, 7, 0, '2018-10-25 06:06:35', NULL),
(17556, 1, 23, 42, '2018-10-25 06:11:37', NULL),
(17557, 4, 8, 0, '2018-10-25 06:16:36', NULL),
(17558, 5, 10, 0, '2018-10-25 06:16:36', NULL),
(17559, 5, 9, 0, '2018-10-25 06:21:36', NULL),
(17560, 1, 23, 43, '2018-10-25 06:26:36', NULL),
(17561, 5, 10, 0, '2018-10-25 06:26:36', NULL),
(17562, 4, 7, 0, '2018-10-25 06:31:36', NULL),
(17563, 1, 23, 42, '2018-10-25 06:36:36', NULL),
(17564, 3, 8, 100, '2018-10-25 06:36:36', NULL),
(17565, 3, 9, 100, '2018-10-25 06:41:37', NULL),
(17566, 4, 8, 0, '2018-10-25 06:41:37', NULL),
(17567, 1, 22, 42, '2018-10-25 06:56:39', NULL),
(17568, 4, 7, 0, '2018-10-25 07:01:37', NULL),
(17569, 4, 8, 0, '2018-10-25 07:06:37', NULL),
(17570, 3, 8, 100, '2018-10-25 07:11:44', NULL),
(17571, 4, 7, 0, '2018-10-25 07:16:37', NULL),
(17572, 4, 8, 0, '2018-10-25 07:21:37', NULL),
(17573, 4, 7, 0, '2018-10-25 07:31:38', NULL),
(17574, 3, 7, 100, '2018-10-25 07:36:47', NULL),
(17575, 4, 8, 0, '2018-10-25 07:36:47', NULL),
(17576, 5, 9, 0, '2018-10-25 07:36:47', NULL),
(17577, 5, 10, 0, '2018-10-25 07:41:44', NULL),
(17578, 5, 9, 0, '2018-10-25 07:56:44', NULL),
(17579, 1, 22, 42, '2018-10-25 08:06:57', NULL),
(17580, 2, 13, 85, '2018-10-25 08:06:57', NULL),
(17581, 3, 7, 100, '2018-10-25 08:06:57', NULL),
(17582, 4, 8, 0, '2018-10-25 08:06:57', NULL),
(17583, 5, 10, 0, '2018-10-25 08:06:57', NULL),
(17584, 5, 9, 0, '2018-10-25 08:11:57', NULL),
(17585, 4, 7, 0, '2018-10-25 08:26:57', NULL),
(17586, 5, 10, 0, '2018-10-25 08:26:57', NULL),
(17587, 4, 8, 0, '2018-10-25 08:31:57', NULL),
(17588, 1, 22, 43, '2018-10-25 08:41:57', NULL),
(17589, 4, 7, 0, '2018-10-25 08:41:57', NULL),
(17590, 5, 9, 0, '2018-10-25 08:41:57', NULL),
(17591, 4, 8, 0, '2018-10-25 08:46:57', NULL),
(17592, 5, 10, 0, '2018-10-25 08:46:57', NULL),
(17593, 1, 21, 42, '2018-10-25 08:56:57', NULL),
(17594, 5, 9, 0, '2018-10-25 08:56:57', NULL),
(17595, 1, 21, 43, '2018-10-25 09:02:11', NULL),
(17596, 5, 10, 0, '2018-10-25 09:02:11', NULL),
(17597, 1, 21, 44, '2018-10-25 09:17:11', NULL),
(17598, 4, 7, 0, '2018-10-25 09:17:11', NULL),
(17599, 5, 9, 0, '2018-10-25 09:22:11', NULL),
(17600, 4, 8, 0, '2018-10-25 09:27:11', NULL),
(17601, 5, 10, 0, '2018-10-25 09:27:11', NULL),
(17602, 4, 9, 0, '2018-10-25 09:42:22', NULL),
(17603, 5, 9, 0, '2018-10-25 09:42:22', NULL),
(17604, 1, 21, 43, '2018-10-25 09:47:12', NULL),
(17605, 4, 10, 0, '2018-10-25 09:47:12', NULL),
(17606, 5, 10, 0, '2018-10-25 09:47:12', NULL),
(17607, 4, 11, 0, '2018-10-25 10:32:13', NULL),
(17608, 1, 21, 44, '2018-10-25 10:37:13', NULL),
(17609, 1, 21, 44, '2018-10-25 10:45:18', NULL),
(17610, 2, 13, 85, '2018-10-25 10:45:18', NULL),
(17611, 3, 7, 100, '2018-10-25 10:45:18', NULL),
(17612, 4, 10, 0, '2018-10-25 10:45:18', NULL),
(17613, 5, 10, 0, '2018-10-25 10:45:18', NULL),
(17614, 1, 21, 43, '2018-10-25 10:55:18', NULL),
(17615, 4, 9, 0, '2018-10-25 10:55:18', NULL),
(17616, 5, 9, 0, '2018-10-25 10:55:18', NULL),
(17617, 1, 22, 43, '2018-10-25 11:00:22', NULL),
(17618, 5, 10, 0, '2018-10-25 11:00:22', NULL),
(17619, 1, 21, 43, '2018-10-25 11:10:19', NULL),
(17620, 5, 9, 0, '2018-10-25 11:15:19', NULL),
(17621, 2, 13, 84, '2018-10-25 11:20:19', NULL),
(17622, 5, 10, 0, '2018-10-25 11:20:19', NULL),
(17623, 1, 21, 42, '2018-10-25 11:25:19', NULL),
(17624, 4, 8, 0, '2018-10-25 11:30:19', NULL),
(17625, 1, 21, 43, '2018-10-25 11:35:19', NULL),
(17626, 2, 13, 85, '2018-10-25 11:35:19', NULL),
(17627, 5, 9, 0, '2018-10-25 11:35:19', NULL),
(17628, 5, 10, 0, '2018-10-25 11:45:32', NULL),
(17629, 5, 9, 0, '2018-10-25 11:55:32', NULL),
(17630, 1, 21, 44, '2018-10-25 12:00:32', NULL),
(17631, 2, 13, 84, '2018-10-25 12:05:32', NULL),
(17632, 5, 10, 0, '2018-10-25 12:05:32', NULL),
(17633, 5, 9, 0, '2018-10-25 12:10:32', NULL),
(17634, 5, 10, 0, '2018-10-25 12:15:32', NULL),
(17635, 1, 21, 45, '2018-10-25 12:20:32', NULL),
(17636, 1, 21, 46, '2018-10-25 12:30:32', NULL),
(17637, 5, 9, 0, '2018-10-25 12:30:32', NULL),
(17638, 1, 21, 47, '2018-10-25 12:35:32', NULL),
(17639, 5, 10, 0, '2018-10-25 12:35:32', NULL);

-- --------------------------------------------------------

--
-- Дублирующая структура для представления `V_LAST_ACTIVITY`
--
CREATE TABLE IF NOT EXISTS `V_LAST_ACTIVITY` (
`id` varchar(109)
,`date` varchar(59)
,`detail_info` text
);

-- --------------------------------------------------------

--
-- Дублирующая структура для представления `V_LAST_SENSOR_ACTIVITY`
--
CREATE TABLE IF NOT EXISTS `V_LAST_SENSOR_ACTIVITY` (
`Date` date
,`Sensor_ID` smallint(5) unsigned
,`Sensor_Name` varchar(100)
,`Count` bigint(21)
,`Last` time
,`First` time
,`Detail_info` text
);

-- --------------------------------------------------------

--
-- Дублирующая структура для представления `V_LAST_SENSOR_ACTIVITY2`
--
CREATE TABLE IF NOT EXISTS `V_LAST_SENSOR_ACTIVITY2` (
`Date` date
,`Sensor_ID` smallint(5) unsigned
,`Sensor_Name` varchar(100)
,`Count` bigint(21)
,`Last` time
,`First` time
,`Detail_info` text
);

-- --------------------------------------------------------

--
-- Дублирующая структура для представления `V_LAST_TEMP_DATE`
--
CREATE TABLE IF NOT EXISTS `V_LAST_TEMP_DATE` (
`Thermometer_ID` smallint(5) unsigned
,`Date` timestamp
);

-- --------------------------------------------------------

--
-- Дублирующая структура для представления `V_LAST_TEMP_HUM`
--
CREATE TABLE IF NOT EXISTS `V_LAST_TEMP_HUM` (
`Date` timestamp
,`Thermometer_ID` smallint(5) unsigned
,`name` varchar(100)
,`Temp_Value` smallint(6)
,`Humidity_Value` smallint(6)
,`Alarm` int(1)
);

-- --------------------------------------------------------

--
-- Дублирующая структура для представления `V_LAST_WATCHDOG_EVENT`
--
CREATE TABLE IF NOT EXISTS `V_LAST_WATCHDOG_EVENT` (
`Date` timestamp
,`Dop_Info` varchar(255)
);

-- --------------------------------------------------------

--
-- Структура для представления `V_LAST_ACTIVITY`
--
DROP TABLE IF EXISTS `V_LAST_ACTIVITY`;

CREATE ALGORITHM=UNDEFINED DEFINER=`igorzhuk_user`@`localhost` SQL SECURITY DEFINER VIEW `V_LAST_ACTIVITY` AS select concat('"',`s`.`Name`,'"','(',cast(`s`.`Sensor_ID` as char charset utf8mb4),')') AS `id`,concat('Дата=',cast(`sa`.`Date` as date),' Count=',cast(count(0) as char charset utf8mb4),' Last=',max(cast(`sa`.`Date` as time))) AS `date`,group_concat(concat(cast(`sa`.`Date` as time),'(',cast(`sa`.`Value` as char charset utf8mb4),')') order by cast(`sa`.`Date` as time) ASC separator '; ') AS `detail_info` from (`Sensor_Activity` `sa` join `Sensor` `s` on((`s`.`Sensor_ID` = `sa`.`Sensor_ID`))) where ((coalesce(`s`.`Send_Alarm`,0) = 1) and isnull(`sa`.`Mail_Sended_ID`)) group by concat('id=',cast(`s`.`Sensor_ID` as char charset utf8mb4),' name=',`s`.`Name`),concat(' date=',cast(`sa`.`Date` as date)) union (select (concat('"',`t`.`Name`,'"','(',cast(`t`.`Thermometer_ID` as char charset utf8mb4),')') collate utf8mb4_unicode_ci) AS `id`,(concat('Дата=',`ti`.`Date`) collate utf8mb4_unicode_ci) AS `Date`,(concat('Темп=',cast(`ti`.`Temp_Value` as char charset utf8mb4),' Влажн=',cast(`ti`.`Humidity_Value` as char charset utf8mb4)) collate utf8mb4_unicode_ci) AS `detail_info` from (`Thermometer_Info` `ti` join `Thermometer` `t` on((`t`.`Thermometer_ID` = `ti`.`Thermometer_ID`))) where ((coalesce(`t`.`Send_Alarm`,0) = 1) and (`ti`.`Temp_Value` < `t`.`Threshold_Temp`) and isnull(`ti`.`Mail_Sended_ID`)) order by (concat('"',`t`.`Name`,'"','(',cast(`t`.`Thermometer_ID` as char charset utf8mb4),')') collate utf8mb4_unicode_ci),(concat('Дата=',`ti`.`Date`) collate utf8mb4_unicode_ci) desc limit 10);

-- --------------------------------------------------------

--
-- Структура для представления `V_LAST_SENSOR_ACTIVITY`
--
DROP TABLE IF EXISTS `V_LAST_SENSOR_ACTIVITY`;

CREATE ALGORITHM=UNDEFINED DEFINER=`igorzhuk_user`@`localhost` SQL SECURITY DEFINER VIEW `V_LAST_SENSOR_ACTIVITY` AS select cast(`sa`.`Date` as date) AS `Date`,`s`.`Sensor_ID` AS `Sensor_ID`,`s`.`Name` AS `Sensor_Name`,count(0) AS `Count`,max(cast(`sa`.`Date` as time)) AS `Last`,min(cast(`sa`.`Date` as time)) AS `First`,group_concat(concat(cast(`sa`.`Date` as time),'(',cast(`sa`.`Value` as char charset utf8mb4),')') order by cast(`sa`.`Date` as time) ASC separator '; ') AS `Detail_info` from (`Sensor_Activity` `sa` join `Sensor` `s` on((`s`.`Sensor_ID` = `sa`.`Sensor_ID`))) group by cast(`sa`.`Date` as date),`s`.`Sensor_ID`,`s`.`Priority` order by cast(`sa`.`Date` as date) desc,`s`.`Priority`,`s`.`Sensor_ID` limit 20;

-- --------------------------------------------------------

--
-- Структура для представления `V_LAST_SENSOR_ACTIVITY2`
--
DROP TABLE IF EXISTS `V_LAST_SENSOR_ACTIVITY2`;

CREATE ALGORITHM=UNDEFINED DEFINER=`igorzhuk_user`@`localhost` SQL SECURITY DEFINER VIEW `V_LAST_SENSOR_ACTIVITY2` AS select cast(`sa`.`Date` as date) AS `Date`,`s`.`Sensor_ID` AS `Sensor_ID`,`s`.`Name` AS `Sensor_Name`,count(0) AS `Count`,max(cast(`sa`.`Date` as time)) AS `Last`,min(cast(`sa`.`Date` as time)) AS `First`,group_concat(concat(cast(`sa`.`Date` as time),'(',(case when (`sa2`.`Date` is not null) then cast((unix_timestamp(`sa2`.`Date`) - unix_timestamp(`sa`.`Date`)) as char charset utf8mb4) else '-' end),')') order by cast(`sa`.`Date` as time) DESC separator '; ') AS `Detail_info` from ((`Sensor_Activity` `sa` join `Sensor` `s` on((`s`.`Sensor_ID` = `sa`.`Sensor_ID`))) left join `Sensor_Activity` `sa2` on(((`sa2`.`Sensor_Activity_ID` = (select `Sensor_Activity`.`Sensor_Activity_ID` from `Sensor_Activity` where ((`Sensor_Activity`.`Sensor_ID` = `sa`.`Sensor_ID`) and (`Sensor_Activity`.`Date` > `sa`.`Date`)) order by `Sensor_Activity`.`Date` limit 1)) and (`sa2`.`Value` = `s`.`True_Value`)))) where (`sa`.`Value` = `s`.`False_Value`) group by cast(`sa`.`Date` as date),`sa`.`Sensor_ID`,`s`.`Priority` order by cast(`sa`.`Date` as date) desc,`s`.`Priority`,`s`.`Sensor_ID` limit 10;

-- --------------------------------------------------------

--
-- Структура для представления `V_LAST_TEMP_DATE`
--
DROP TABLE IF EXISTS `V_LAST_TEMP_DATE`;

CREATE ALGORITHM=UNDEFINED DEFINER=`igorzhuk_user`@`localhost` SQL SECURITY DEFINER VIEW `V_LAST_TEMP_DATE` AS select `Thermometer_Info`.`Thermometer_ID` AS `Thermometer_ID`,max(`Thermometer_Info`.`Date`) AS `Date` from `Thermometer_Info` group by `Thermometer_Info`.`Thermometer_ID`;

-- --------------------------------------------------------

--
-- Структура для представления `V_LAST_TEMP_HUM`
--
DROP TABLE IF EXISTS `V_LAST_TEMP_HUM`;

CREATE ALGORITHM=UNDEFINED DEFINER=`igorzhuk_user`@`localhost` SQL SECURITY DEFINER VIEW `V_LAST_TEMP_HUM` AS select `t`.`Date` AS `Date`,`t`.`Thermometer_ID` AS `Thermometer_ID`,`t2`.`Name` AS `name`,`t1`.`Temp_Value` AS `Temp_Value`,`t1`.`Humidity_Value` AS `Humidity_Value`,(case when ((`t2`.`Send_Alarm` = 1) and (`t2`.`Threshold_Temp` >= `t1`.`Temp_Value`)) then 1 else 0 end) AS `Alarm` from ((`V_LAST_TEMP_DATE` `t` join `Thermometer_Info` `t1` on(((`t1`.`Thermometer_ID` = `t`.`Thermometer_ID`) and (`t1`.`Date` = `t`.`Date`)))) join `Thermometer` `t2` on((`t2`.`Thermometer_ID` = `t`.`Thermometer_ID`)));

-- --------------------------------------------------------

--
-- Структура для представления `V_LAST_WATCHDOG_EVENT`
--
DROP TABLE IF EXISTS `V_LAST_WATCHDOG_EVENT`;

CREATE ALGORITHM=UNDEFINED DEFINER=`igorzhuk_user`@`localhost` SQL SECURITY DEFINER VIEW `V_LAST_WATCHDOG_EVENT` AS select `Event`.`Date` AS `Date`,`Event`.`Dop_Info` AS `Dop_Info` from `Event` where (`Event`.`Event_Type_ID` = 3) order by `Event`.`Date` desc limit 12;

--
-- Индексы сохранённых таблиц
--

--
-- Индексы таблицы `Command`
--
ALTER TABLE `Command`
  ADD PRIMARY KEY (`Command_ID`);

--
-- Индексы таблицы `Errors`
--
ALTER TABLE `Errors`
  ADD PRIMARY KEY (`Error_ID`),
  ADD UNIQUE KEY `Error_ID` (`Error_ID`);

--
-- Индексы таблицы `Event`
--
ALTER TABLE `Event`
  ADD PRIMARY KEY (`Event_ID`),
  ADD KEY `Event_Type_ID` (`Event_Type_ID`);

--
-- Индексы таблицы `Event_Type`
--
ALTER TABLE `Event_Type`
  ADD PRIMARY KEY (`Event_Type_ID`),
  ADD UNIQUE KEY `Event_Type_ID` (`Event_Type_ID`);

--
-- Индексы таблицы `Mail_Sended`
--
ALTER TABLE `Mail_Sended`
  ADD PRIMARY KEY (`Mail_Sended_ID`);

--
-- Индексы таблицы `Sensor`
--
ALTER TABLE `Sensor`
  ADD PRIMARY KEY (`Sensor_ID`),
  ADD UNIQUE KEY `Detector_ID` (`Sensor_ID`);

--
-- Индексы таблицы `Sensor_Activity`
--
ALTER TABLE `Sensor_Activity`
  ADD PRIMARY KEY (`Sensor_Activity_ID`),
  ADD KEY `Sensor_ID` (`Sensor_ID`),
  ADD KEY `Mail_Sended_ID` (`Mail_Sended_ID`);

--
-- Индексы таблицы `Setup_Parameter`
--
ALTER TABLE `Setup_Parameter`
  ADD PRIMARY KEY (`Parameter_ID`),
  ADD UNIQUE KEY `Parameter_ID` (`Parameter_ID`);

--
-- Индексы таблицы `Thermometer`
--
ALTER TABLE `Thermometer`
  ADD PRIMARY KEY (`Thermometer_ID`),
  ADD UNIQUE KEY `Thermometer_ID` (`Thermometer_ID`);

--
-- Индексы таблицы `Thermometer_Info`
--
ALTER TABLE `Thermometer_Info`
  ADD PRIMARY KEY (`Thermometer_Info_ID`),
  ADD UNIQUE KEY `Thermometer_ID` (`Thermometer_ID`,`Date`) USING BTREE,
  ADD KEY `Mail_Sended_ID` (`Mail_Sended_ID`);

--
-- AUTO_INCREMENT для сохранённых таблиц
--

--
-- AUTO_INCREMENT для таблицы `Errors`
--
ALTER TABLE `Errors`
  MODIFY `Error_ID` int(10) unsigned NOT NULL AUTO_INCREMENT,AUTO_INCREMENT=21;
--
-- AUTO_INCREMENT для таблицы `Event`
--
ALTER TABLE `Event`
  MODIFY `Event_ID` int(10) unsigned NOT NULL AUTO_INCREMENT,AUTO_INCREMENT=6225;
--
-- AUTO_INCREMENT для таблицы `Event_Type`
--
ALTER TABLE `Event_Type`
  MODIFY `Event_Type_ID` int(10) unsigned NOT NULL AUTO_INCREMENT,AUTO_INCREMENT=8;
--
-- AUTO_INCREMENT для таблицы `Mail_Sended`
--
ALTER TABLE `Mail_Sended`
  MODIFY `Mail_Sended_ID` int(10) unsigned NOT NULL AUTO_INCREMENT,AUTO_INCREMENT=721;
--
-- AUTO_INCREMENT для таблицы `Sensor`
--
ALTER TABLE `Sensor`
  MODIFY `Sensor_ID` smallint(5) unsigned NOT NULL AUTO_INCREMENT,AUTO_INCREMENT=8;
--
-- AUTO_INCREMENT для таблицы `Sensor_Activity`
--
ALTER TABLE `Sensor_Activity`
  MODIFY `Sensor_Activity_ID` int(10) unsigned NOT NULL AUTO_INCREMENT,AUTO_INCREMENT=38462;
--
-- AUTO_INCREMENT для таблицы `Setup_Parameter`
--
ALTER TABLE `Setup_Parameter`
  MODIFY `Parameter_ID` bigint(20) unsigned NOT NULL AUTO_INCREMENT,AUTO_INCREMENT=3;
--
-- AUTO_INCREMENT для таблицы `Thermometer`
--
ALTER TABLE `Thermometer`
  MODIFY `Thermometer_ID` smallint(5) unsigned NOT NULL AUTO_INCREMENT,AUTO_INCREMENT=6;
--
-- AUTO_INCREMENT для таблицы `Thermometer_Info`
--
ALTER TABLE `Thermometer_Info`
  MODIFY `Thermometer_Info_ID` int(10) unsigned NOT NULL AUTO_INCREMENT,AUTO_INCREMENT=17640;
--
-- Ограничения внешнего ключа сохраненных таблиц
--

--
-- Ограничения внешнего ключа таблицы `Event`
--
ALTER TABLE `Event`
  ADD CONSTRAINT `Event_ibfk_1` FOREIGN KEY (`Event_Type_ID`) REFERENCES `Event_Type` (`Event_Type_ID`);

--
-- Ограничения внешнего ключа таблицы `Sensor_Activity`
--
ALTER TABLE `Sensor_Activity`
  ADD CONSTRAINT `Sensor_Activity_ibfk_1` FOREIGN KEY (`Sensor_ID`) REFERENCES `Sensor` (`Sensor_ID`);

--
-- Ограничения внешнего ключа таблицы `Thermometer_Info`
--
ALTER TABLE `Thermometer_Info`
  ADD CONSTRAINT `Thermometer_Info_ibfk_1` FOREIGN KEY (`Thermometer_ID`) REFERENCES `Thermometer` (`Thermometer_ID`);

/*!40101 SET CHARACTER_SET_CLIENT=@OLD_CHARACTER_SET_CLIENT */;
/*!40101 SET CHARACTER_SET_RESULTS=@OLD_CHARACTER_SET_RESULTS */;
/*!40101 SET COLLATION_CONNECTION=@OLD_COLLATION_CONNECTION */;
